MONTH,VALUE
1,19.8
1,21.7
1,22.2
1,22.5
1,22.6
1,23.2
1,23.8
1,23.9
1,24.3
1,24.8
1,24.9
1,25.3
1,25.5
1,25.7
1,26.2
1,26.4
1,26.6
1,26.7
1,27.2
1,27.4
1,27.7
1,27.9
1,28.0
1,28.5
1,28.8
1,29.2
1,29.3
1,29.4
1,29.9
1,30.0
1,30.1
1,30.3
1,30.5
1,30.6
1,30.7
1,30.8
1,30.9
1,31.0
1,31.2
1,31.3
1,31.4
1,31.7
1,31.8
1,31.9
1,32.0
1,32.1
1,32.2
1,32.3
1,32.4
1,32.5
1,32.6
1,32.7
1,32.8
1,32.9
1,33.0
1,33.1
1,33.3
1,33.4
1,33.5
1,33.8
1,34.0
1,34.1
1,34.2
1,34.3
1,34.5
1,34.7
1,34.8
1,34.9
1,35.1
1,35.3
1,35.4
1,35.8
1,35.9
1,36.0
1,36.1
1,36.2
1,36.3
1,36.4
1,36.5
1,36.6
1,36.7
1,36.9
1,37.0
1,37.1
1,37.2
1,37.6
1,37.8
1,37.9
1,38.0
1,38.1
1,38.2
1,38.3
1,38.4
1,38.5
1,38.6
1,38.7
1,38.8
1,39.0
1,39.2
1,39.4
1,39.6
1,39.7
1,39.8
1,39.9
1,40.0
1,40.2
1,40.3
1,40.5
1,40.6
1,40.7
1,41.0
1,41.1
1,41.2
1,41.4
1,41.5
1,41.6
1,41.7
1,41.9
1,42.2
1,42.3
1,42.4
1,42.5
1,42.7
1,42.8
1,43.0
1,43.1
1,43.3
1,43.4
1,43.6
1,43.9
1,44.1
1,44.2
1,44.4
1,44.6
1,44.7
1,45.0
1,45.4
1,45.8
1,46.0
1,46.1
1,46.2
1,46.3
1,46.7
1,46.8
1,47.0
1,47.1
1,47.3
1,47.4
1,47.7
1,47.8
1,47.9
1,48.1
1,48.2
1,48.3
1,48.4
1,48.6
1,49.0
1,49.3
1,49.5
1,49.6
1,49.8
1,50.1
1,50.2
1,50.3
1,50.5
1,50.6
1,50.7
1,50.8
1,50.9
1,51.0
1,51.2
1,51.5
1,51.7
1,52.0
1,52.1
1,52.2
1,52.3
1,52.5
1,52.7
1,52.9
1,53.0
1,53.1
1,53.2
1,53.3
1,53.4
1,53.5
1,53.6
1,53.7
1,53.8
1,53.9
1,54.0
1,54.1
1,54.3
1,54.4
1,54.5
1,54.6
1,54.7
1,54.8
1,54.9
1,55.0
1,55.1
1,55.2
1,55.3
1,55.4
1,55.5
1,55.6
1,55.7
1,55.8
1,55.9
1,56.0
1,56.1
1,56.2
1,56.3
1,56.4
1,56.6
1,56.8
1,56.9
1,57.0
1,57.1
1,57.2
1,57.4
1,57.5
1,57.8
1,58.0
1,58.2
1,58.3
1,58.4
1,58.6
1,58.7
1,58.8
1,58.9
1,59.0
1,59.2
1,59.3
1,59.4
1,59.5
1,59.6
1,59.7
1,59.8
1,59.9
1,60.0
1,60.1
1,60.2
1,60.3
1,60.4
1,60.5
1,60.6
1,60.8
1,60.9
1,61.0
1,61.1
1,61.2
1,61.3
1,61.5
1,61.6
1,61.7
1,61.8
1,61.9
1,62.0
1,62.1
1,62.2
1,62.3
1,62.5
1,62.6
1,62.7
1,62.8
1,62.9
1,63.0
1,63.3
1,63.4
1,63.5
1,63.8
1,63.9
1,64.1
1,64.2
1,64.3
1,64.6
1,64.9
1,65.1
1,65.2
1,65.4
1,65.5
1,66.1
1,66.3
1,66.4
1,66.5
1,66.6
1,66.7
1,67.1
1,67.2
1,67.3
1,67.7
1,67.9
1,68.0
1,68.1
1,68.3
1,68.6
1,68.7
1,69.0
1,69.1
1,69.4
1,69.6
1,69.9
1,70.0
1,70.1
1,70.4
1,70.5
1,70.7
1,70.9
1,71.1
1,71.2
1,71.3
1,72.4
1,72.7
1,72.8
1,73.1
1,73.2
1,73.5
1,73.6
1,73.7
1,73.8
1,74.0
1,74.1
1,74.3
1,74.4
1,74.6
1,74.7
1,74.9
1,75.2
1,75.5
1,75.6
1,75.7
1,75.9
1,76.0
1,76.1
1,76.2
1,76.3
1,76.9
1,77.2
1,77.3
1,77.4
1,77.5
1,77.7
1,77.8
1,77.9
1,78.0
1,78.2
1,78.4
1,78.5
1,78.6
1,78.7
1,79.1
1,79.2
1,79.4
1,79.5
1,79.9
1,80.0
1,80.1
1,80.2
1,80.5
1,80.9
1,81.0
1,81.1
1,81.3
1,81.5
1,81.7
1,81.8
1,81.9
1,82.0
1,82.1
1,82.3
1,82.4
1,82.5
1,82.6
1,82.7
1,82.8
1,82.9
1,83.0
1,83.1
1,83.2
1,83.3
1,83.4
1,83.5
1,83.6
1,83.7
1,83.8
1,83.9
1,84.0
1,84.1
1,84.2
1,84.5
1,84.6
1,84.8
1,84.9
1,85.0
1,85.1
1,85.2
1,85.3
1,85.4
1,85.5
1,85.6
1,85.7
1,85.8
1,85.9
1,86.0
1,86.2
1,86.3
1,86.4
1,86.5
1,86.6
1,86.7
1,86.8
1,86.9
1,87.0
1,87.1
1,87.2
1,87.3
1,87.4
1,87.5
1,87.6
1,87.7
1,87.8
1,88.0
1,88.1
1,88.2
1,88.4
1,88.5
1,88.6
1,88.8
1,88.9
1,89.1
1,89.2
1,89.3
1,89.5
1,89.6
1,89.8
1,90.1
1,90.2
1,90.3
1,90.5
1,90.6
1,90.7
1,90.8
1,90.9
1,91.0
1,91.1
1,91.2
1,91.3
1,91.4
1,91.5
1,91.7
1,91.8
1,92.1
1,92.2
1,92.4
1,92.5
1,92.6
1,92.7
1,92.8
1,92.9
1,93.0
1,93.1
1,93.2
1,93.3
1,93.5
1,93.6
1,93.7
1,93.8
1,93.9
1,94.1
1,94.2
1,94.3
1,94.5
1,94.7
1,94.8
1,95.0
1,95.1
1,95.2
1,95.3
1,95.4
1,95.5
1,95.6
1,95.7
1,95.8
1,95.9
1,96.0
1,96.2
1,96.3
1,96.4
1,96.5
1,96.6
1,96.7
1,96.8
1,96.9
1,97.1
1,97.2
1,97.3
1,97.4
1,97.5
1,97.6
1,97.7
1,97.9
1,98.0
1,98.1
1,98.2
1,98.3
1,98.4
1,98.5
1,98.6
1,98.8
1,98.9
1,99.0
1,99.1
1,99.2
1,99.3
1,99.4
1,99.5
1,99.6
1,99.7
1,99.8
1,99.9
1,100.0
1,100.1
1,100.2
1,100.3
1,100.4
1,100.5
1,100.6
1,100.7
1,100.8
1,100.9
1,101.0
1,101.1
1,101.2
1,101.3
1,101.4
1,101.5
1,101.6
1,101.8
1,101.9
1,102.0
1,102.1
1,102.4
1,102.5
1,102.6
1,102.7
1,102.8
1,102.9
1,103.0
1,103.1
1,103.2
1,103.3
1,103.4
1,103.6
1,103.8
1,103.9
1,104.0
1,104.1
1,104.2
1,104.4
1,104.5
1,104.6
1,104.7
1,104.8
1,104.9
1,105.1
1,105.3
1,105.4
1,105.5
1,105.6
1,105.9
1,106.0
1,106.1
1,106.2
1,106.6
1,107.0
1,107.4
1,107.5
1,107.6
1,107.8
1,108.0
1,108.6
1,108.7
1,108.8
1,108.9
1,109.0
1,110.0
1,110.1
1,110.3
1,110.4
1,111.0
1,111.1
1,111.2
1,111.9
1,112.2
1,112.3
1,112.4
1,112.5
1,112.8
1,113.1
1,113.8
1,114.1
1,114.2
1,114.6
1,114.7
1,115.3
1,115.5
1,115.7
1,116.0
1,116.1
1,116.2
1,117.8
1,118.3
1,119.3
1,119.5
1,119.6
1,119.8
1,120.6
1,121.2
1,121.4
1,121.7
1,121.8
1,121.9
1,122.0
1,122.1
1,124.0
1,124.8
1,126.0
1,126.2
1,127.1
1,128.3
1,128.7
1,135.2
1,135.6
1,137.9
1,139.5
1,144.4
1,144.7
1,154.7
1,166.4
2,20.2
2,21.9
2,22.1
2,22.6
2,22.9
2,23.2
2,23.9
2,24.1
2,24.4
2,24.9
2,25.5
2,25.8
2,26.4
2,26.8
2,26.9
2,27.4
2,27.5
2,27.9
2,28.3
2,28.5
2,28.8
2,29.1
2,29.2
2,29.4
2,29.7
2,30.0
2,30.1
2,30.2
2,30.4
2,30.5
2,30.6
2,30.8
2,31.0
2,31.2
2,31.4
2,31.5
2,31.6
2,31.8
2,31.9
2,32.0
2,32.1
2,32.3
2,32.4
2,32.5
2,32.6
2,32.7
2,32.8
2,32.9
2,33.0
2,33.1
2,33.2
2,33.4
2,33.5
2,33.8
2,33.9
2,34.0
2,34.1
2,34.2
2,34.3
2,34.4
2,34.6
2,34.8
2,34.9
2,35.1
2,35.2
2,35.3
2,35.4
2,35.5
2,35.7
2,35.9
2,36.0
2,36.1
2,36.2
2,36.3
2,36.5
2,36.6
2,36.8
2,37.0
2,37.1
2,37.2
2,37.3
2,37.5
2,37.6
2,37.7
2,37.8
2,37.9
2,38.0
2,38.1
2,38.2
2,38.3
2,38.4
2,38.5
2,38.6
2,38.7
2,38.8
2,38.9
2,39.0
2,39.1
2,39.4
2,39.6
2,39.7
2,39.8
2,40.0
2,40.1
2,40.3
2,40.4
2,40.5
2,40.6
2,40.9
2,41.1
2,41.2
2,41.4
2,41.5
2,41.6
2,41.7
2,41.9
2,42.2
2,42.3
2,42.4
2,42.5
2,42.6
2,42.8
2,43.0
2,43.1
2,43.2
2,43.4
2,43.5
2,43.6
2,43.7
2,43.8
2,43.9
2,44.1
2,44.2
2,44.3
2,44.5
2,44.7
2,44.9
2,45.0
2,45.2
2,45.4
2,45.5
2,45.8
2,45.9
2,46.0
2,46.1
2,46.2
2,46.5
2,46.7
2,46.8
2,47.2
2,47.3
2,47.4
2,47.5
2,47.7
2,47.8
2,47.9
2,48.1
2,48.2
2,48.4
2,48.5
2,48.7
2,48.8
2,48.9
2,49.0
2,49.1
2,49.3
2,49.5
2,49.6
2,49.7
2,49.8
2,50.0
2,50.1
2,50.2
2,50.3
2,50.4
2,50.5
2,50.6
2,50.7
2,50.8
2,50.9
2,51.0
2,51.1
2,51.2
2,51.3
2,51.7
2,51.8
2,51.9
2,52.1
2,52.3
2,52.5
2,52.6
2,52.7
2,52.9
2,53.1
2,53.2
2,53.4
2,53.5
2,53.6
2,53.7
2,53.8
2,53.9
2,54.0
2,54.2
2,54.4
2,54.5
2,54.6
2,54.7
2,54.8
2,54.9
2,55.0
2,55.1
2,55.2
2,55.4
2,55.6
2,55.7
2,55.8
2,55.9
2,56.0
2,56.1
2,56.2
2,56.3
2,56.4
2,56.5
2,56.6
2,56.7
2,56.9
2,57.0
2,57.3
2,57.4
2,57.5
2,57.6
2,57.7
2,57.8
2,58.3
2,58.5
2,58.7
2,58.8
2,58.9
2,59.0
2,59.1
2,59.4
2,59.6
2,59.8
2,59.9
2,60.0
2,60.1
2,60.2
2,60.4
2,60.6
2,60.7
2,60.8
2,60.9
2,61.0
2,61.1
2,61.2
2,61.3
2,61.5
2,61.7
2,61.8
2,61.9
2,62.0
2,62.1
2,62.2
2,62.3
2,62.5
2,62.6
2,62.7
2,62.8
2,62.9
2,63.0
2,63.1
2,63.2
2,63.5
2,63.6
2,63.7
2,63.8
2,63.9
2,64.0
2,64.1
2,64.2
2,64.4
2,64.8
2,64.9
2,65.0
2,65.2
2,65.3
2,65.5
2,65.7
2,65.9
2,66.0
2,66.1
2,66.2
2,66.3
2,66.4
2,66.5
2,66.7
2,66.9
2,67.1
2,67.4
2,67.8
2,68.0
2,68.1
2,68.2
2,68.3
2,68.4
2,68.5
2,68.8
2,69.3
2,69.4
2,70.0
2,70.1
2,70.2
2,70.3
2,70.4
2,70.5
2,70.7
2,71.2
2,71.5
2,71.6
2,71.7
2,71.8
2,72.0
2,72.6
2,72.7
2,72.8
2,73.2
2,73.3
2,73.4
2,73.5
2,73.6
2,73.8
2,73.9
2,74.1
2,74.3
2,74.4
2,74.6
2,74.8
2,74.9
2,75.2
2,75.3
2,75.6
2,75.7
2,75.8
2,76.0
2,76.2
2,76.6
2,76.8
2,76.9
2,77.2
2,77.3
2,77.9
2,78.0
2,78.1
2,78.2
2,78.4
2,78.6
2,78.9
2,79.1
2,79.2
2,79.4
2,79.6
2,79.8
2,79.9
2,80.0
2,80.2
2,80.6
2,80.9
2,81.2
2,81.3
2,81.4
2,81.5
2,81.6
2,81.7
2,81.8
2,81.9
2,82.0
2,82.2
2,82.3
2,82.5
2,82.7
2,82.8
2,82.9
2,83.0
2,83.1
2,83.3
2,83.4
2,83.5
2,83.6
2,83.7
2,84.0
2,84.1
2,84.2
2,84.3
2,84.4
2,84.5
2,84.6
2,84.8
2,85.0
2,85.1
2,85.2
2,85.5
2,85.6
2,85.7
2,85.8
2,85.9
2,86.0
2,86.2
2,86.3
2,86.4
2,86.5
2,86.6
2,86.7
2,86.8
2,86.9
2,87.0
2,87.1
2,87.2
2,87.3
2,87.5
2,87.7
2,87.9
2,88.0
2,88.2
2,88.3
2,88.4
2,88.5
2,88.8
2,89.0
2,89.1
2,89.2
2,89.4
2,89.5
2,89.6
2,89.7
2,89.8
2,90.0
2,90.1
2,90.8
2,90.9
2,91.0
2,91.1
2,91.2
2,91.3
2,91.4
2,91.5
2,91.6
2,91.7
2,91.8
2,92.0
2,92.2
2,92.3
2,92.6
2,92.7
2,92.8
2,92.9
2,93.0
2,93.1
2,93.2
2,93.3
2,93.4
2,93.5
2,93.6
2,93.7
2,93.8
2,93.9
2,94.0
2,94.1
2,94.3
2,94.4
2,94.5
2,94.6
2,94.7
2,94.8
2,94.9
2,95.0
2,95.1
2,95.2
2,95.3
2,95.4
2,95.5
2,95.6
2,95.7
2,95.8
2,95.9
2,96.1
2,96.2
2,96.3
2,96.5
2,96.6
2,96.7
2,96.8
2,97.0
2,97.1
2,97.2
2,97.3
2,97.4
2,97.5
2,97.6
2,97.7
2,97.8
2,97.9
2,98.0
2,98.1
2,98.2
2,98.3
2,98.4
2,98.5
2,98.6
2,98.7
2,98.8
2,98.9
2,99.0
2,99.1
2,99.2
2,99.3
2,99.4
2,99.5
2,99.6
2,99.7
2,99.8
2,99.9
2,100.0
2,100.1
2,100.2
2,100.3
2,100.4
2,100.5
2,100.6
2,100.7
2,100.8
2,100.9
2,101.0
2,101.1
2,101.2
2,101.3
2,101.4
2,101.5
2,101.6
2,101.8
2,102.0
2,102.1
2,102.2
2,102.3
2,102.4
2,102.5
2,102.7
2,102.8
2,102.9
2,103.0
2,103.1
2,103.2
2,103.4
2,103.6
2,103.8
2,103.9
2,104.0
2,104.1
2,104.3
2,104.5
2,104.6
2,104.7
2,104.8
2,104.9
2,105.0
2,105.2
2,105.5
2,105.9
2,106.2
2,106.4
2,106.5
2,106.6
2,107.2
2,107.3
2,107.4
2,107.5
2,107.6
2,107.7
2,107.8
2,108.2
2,108.3
2,108.5
2,108.6
2,108.8
2,108.9
2,109.3
2,109.5
2,109.6
2,110.2
2,110.4
2,111.0
2,111.1
2,111.5
2,111.7
2,111.8
2,111.9
2,112.2
2,112.3
2,112.5
2,112.7
2,112.8
2,113.7
2,113.8
2,114.1
2,114.4
2,114.8
2,115.1
2,115.7
2,116.0
2,116.1
2,116.3
2,116.8
2,117.1
2,117.6
2,117.8
2,117.9
2,118.5
2,118.8
2,119.0
2,119.5
2,119.8
2,120.9
2,121.4
2,121.8
2,122.0
2,122.2
2,123.0
2,123.2
2,123.3
2,124.0
2,125.6
2,126.2
2,127.0
2,128.0
2,128.3
2,130.1
2,136.5
2,137.4
2,139.0
2,140.4
2,145.2
2,146.3
2,157.9
2,167.1
3,20.6
3,21.9
3,22.0
3,22.6
3,22.9
3,23.3
3,23.9
3,24.1
3,24.3
3,24.6
3,24.7
3,24.9
3,25.6
3,25.8
3,26.5
3,26.9
3,27.3
3,27.5
3,27.6
3,28.0
3,28.5
3,29.0
3,29.1
3,29.3
3,29.5
3,29.8
3,29.9
3,30.0
3,30.2
3,30.5
3,30.6
3,30.7
3,30.8
3,31.1
3,31.2
3,31.4
3,31.6
3,31.8
3,31.9
3,32.1
3,32.2
3,32.4
3,32.5
3,32.6
3,32.7
3,32.8
3,33.0
3,33.1
3,33.2
3,33.3
3,33.4
3,33.6
3,33.8
3,33.9
3,34.0
3,34.1
3,34.2
3,34.3
3,34.4
3,34.6
3,34.9
3,35.0
3,35.1
3,35.3
3,35.4
3,35.5
3,35.7
3,35.9
3,36.1
3,36.2
3,36.4
3,36.5
3,36.6
3,36.7
3,36.8
3,37.0
3,37.2
3,37.3
3,37.5
3,37.6
3,37.7
3,37.8
3,37.9
3,38.1
3,38.2
3,38.3
3,38.4
3,38.5
3,38.6
3,38.7
3,38.8
3,38.9
3,39.0
3,39.1
3,39.3
3,39.4
3,39.5
3,39.8
3,39.9
3,40.1
3,40.3
3,40.4
3,40.6
3,40.7
3,40.9
3,41.0
3,41.1
3,41.4
3,41.5
3,41.6
3,41.7
3,41.8
3,42.1
3,42.3
3,42.5
3,42.8
3,42.9
3,43.0
3,43.3
3,43.4
3,43.6
3,43.7
3,43.8
3,43.9
3,44.0
3,44.1
3,44.3
3,44.4
3,44.8
3,44.9
3,45.0
3,45.3
3,45.4
3,45.5
3,45.6
3,45.9
3,46.1
3,46.2
3,46.3
3,46.4
3,46.5
3,46.6
3,46.8
3,46.9
3,47.0
3,47.3
3,47.4
3,47.5
3,47.6
3,47.7
3,47.8
3,47.9
3,48.0
3,48.1
3,48.4
3,48.5
3,48.6
3,48.8
3,48.9
3,49.0
3,49.1
3,49.2
3,49.3
3,49.4
3,49.5
3,49.6
3,49.7
3,49.8
3,50.1
3,50.2
3,50.3
3,50.5
3,50.6
3,50.7
3,50.9
3,51.0
3,51.1
3,51.2
3,51.3
3,51.4
3,51.8
3,52.1
3,52.2
3,52.3
3,52.4
3,52.6
3,52.8
3,52.9
3,53.0
3,53.2
3,53.4
3,53.5
3,53.6
3,53.7
3,53.8
3,53.9
3,54.0
3,54.1
3,54.2
3,54.3
3,54.4
3,54.5
3,54.6
3,54.7
3,54.8
3,54.9
3,55.0
3,55.2
3,55.3
3,55.4
3,55.5
3,55.6
3,55.7
3,55.8
3,55.9
3,56.0
3,56.1
3,56.2
3,56.3
3,56.4
3,56.5
3,56.6
3,56.7
3,56.9
3,57.0
3,57.1
3,57.2
3,57.3
3,57.5
3,57.6
3,57.7
3,57.8
3,57.9
3,58.3
3,58.4
3,58.6
3,58.7
3,58.8
3,59.0
3,59.2
3,59.3
3,59.4
3,59.5
3,59.7
3,59.9
3,60.0
3,60.1
3,60.2
3,60.3
3,60.4
3,60.5
3,60.6
3,60.7
3,60.8
3,60.9
3,61.0
3,61.1
3,61.2
3,61.3
3,61.5
3,61.7
3,61.8
3,61.9
3,62.0
3,62.1
3,62.3
3,62.5
3,62.6
3,62.8
3,63.0
3,63.1
3,63.2
3,63.4
3,63.7
3,63.9
3,64.1
3,64.2
3,64.3
3,64.4
3,64.6
3,64.7
3,65.4
3,65.7
3,65.8
3,65.9
3,66.1
3,66.2
3,66.3
3,66.4
3,66.5
3,66.6
3,66.7
3,66.8
3,66.9
3,67.0
3,67.2
3,67.3
3,67.4
3,67.7
3,67.9
3,68.0
3,68.1
3,68.3
3,68.6
3,68.8
3,69.2
3,69.4
3,69.5
3,69.6
3,69.7
3,70.2
3,70.4
3,70.5
3,70.6
3,70.8
3,71.3
3,71.6
3,71.7
3,71.8
3,71.9
3,72.1
3,72.7
3,72.8
3,72.9
3,73.0
3,73.2
3,73.4
3,73.5
3,73.6
3,73.7
3,74.0
3,74.1
3,74.3
3,74.5
3,74.6
3,74.9
3,75.0
3,75.2
3,75.3
3,75.4
3,75.7
3,75.9
3,76.0
3,76.2
3,76.7
3,76.9
3,77.1
3,77.3
3,77.4
3,77.5
3,78.0
3,78.1
3,78.2
3,78.3
3,78.4
3,78.6
3,78.9
3,79.2
3,79.3
3,79.4
3,79.6
3,79.7
3,80.2
3,80.6
3,81.0
3,81.2
3,81.3
3,81.4
3,81.7
3,81.8
3,82.0
3,82.1
3,82.2
3,82.3
3,82.5
3,82.7
3,82.8
3,82.9
3,83.0
3,83.1
3,83.2
3,83.3
3,83.4
3,83.5
3,83.6
3,83.7
3,83.9
3,84.0
3,84.1
3,84.2
3,84.3
3,84.4
3,84.5
3,84.6
3,84.7
3,84.8
3,85.1
3,85.3
3,85.4
3,85.5
3,85.6
3,85.7
3,85.8
3,85.9
3,86.0
3,86.1
3,86.2
3,86.3
3,86.4
3,86.5
3,86.6
3,86.7
3,86.8
3,86.9
3,87.0
3,87.1
3,87.2
3,87.3
3,87.4
3,87.5
3,87.6
3,87.7
3,87.8
3,88.0
3,88.1
3,88.6
3,88.8
3,88.9
3,89.0
3,89.2
3,89.3
3,89.5
3,89.7
3,89.8
3,89.9
3,90.0
3,90.1
3,90.2
3,90.3
3,90.6
3,90.7
3,90.9
3,91.0
3,91.1
3,91.2
3,91.3
3,91.4
3,91.5
3,91.6
3,91.7
3,91.8
3,91.9
3,92.1
3,92.2
3,92.3
3,92.5
3,92.6
3,92.7
3,92.8
3,92.9
3,93.0
3,93.1
3,93.2
3,93.4
3,93.5
3,93.6
3,93.7
3,94.0
3,94.1
3,94.2
3,94.3
3,94.4
3,94.5
3,94.7
3,94.8
3,94.9
3,95.0
3,95.1
3,95.2
3,95.3
3,95.4
3,95.5
3,95.7
3,95.8
3,95.9
3,96.0
3,96.1
3,96.2
3,96.3
3,96.4
3,96.5
3,96.6
3,96.7
3,96.8
3,96.9
3,97.1
3,97.2
3,97.3
3,97.4
3,97.5
3,97.6
3,97.7
3,97.8
3,97.9
3,98.0
3,98.1
3,98.2
3,98.3
3,98.4
3,98.5
3,98.6
3,98.8
3,98.9
3,99.0
3,99.1
3,99.2
3,99.3
3,99.4
3,99.5
3,99.6
3,99.7
3,99.8
3,99.9
3,100.0
3,100.1
3,100.2
3,100.3
3,100.4
3,100.5
3,100.6
3,100.7
3,100.8
3,100.9
3,101.0
3,101.1
3,101.2
3,101.3
3,101.4
3,101.5
3,101.6
3,101.7
3,101.8
3,102.0
3,102.1
3,102.2
3,102.3
3,102.4
3,102.6
3,102.7
3,102.8
3,103.0
3,103.1
3,103.2
3,103.3
3,103.4
3,103.5
3,103.6
3,103.7
3,103.8
3,103.9
3,104.0
3,104.1
3,104.3
3,104.6
3,104.7
3,104.8
3,104.9
3,105.0
3,105.1
3,105.5
3,106.3
3,106.4
3,106.6
3,106.9
3,107.1
3,107.4
3,107.9
3,108.3
3,108.4
3,108.5
3,108.6
3,108.7
3,108.9
3,109.0
3,109.2
3,109.4
3,109.6
3,110.1
3,110.5
3,110.9
3,111.0
3,111.8
3,112.2
3,112.3
3,113.3
3,113.5
3,113.6
3,113.7
3,113.8
3,113.9
3,114.6
3,114.7
3,115.2
3,115.5
3,115.6
3,115.7
3,116.0
3,116.1
3,116.8
3,117.0
3,117.2
3,117.3
3,117.9
3,118.0
3,118.2
3,118.6
3,119.0
3,119.1
3,119.4
3,119.8
3,120.5
3,120.8
3,121.3
3,121.4
3,121.6
3,122.0
3,122.3
3,123.2
3,124.0
3,124.4
3,124.7
3,125.3
3,126.5
3,127.7
3,128.2
3,128.3
3,130.8
3,140.9
3,141.1
3,143.5
3,147.2
3,151.0
3,159.5
3,169.2
4,21.3
4,21.9
4,22.1
4,22.6
4,22.9
4,23.4
4,23.8
4,24.2
4,24.8
4,24.9
4,25.6
4,25.8
4,26.5
4,26.7
4,26.9
4,27.1
4,27.4
4,27.7
4,28.0
4,28.1
4,28.6
4,29.1
4,29.3
4,29.7
4,29.9
4,30.2
4,30.3
4,30.4
4,30.5
4,30.6
4,30.8
4,31.0
4,31.1
4,31.2
4,31.5
4,31.6
4,31.9
4,32.0
4,32.1
4,32.2
4,32.4
4,32.5
4,32.6
4,32.7
4,32.9
4,33.0
4,33.1
4,33.2
4,33.3
4,33.6
4,33.7
4,33.8
4,33.9
4,34.1
4,34.2
4,34.3
4,34.4
4,34.5
4,34.6
4,34.8
4,35.0
4,35.2
4,35.3
4,35.4
4,35.6
4,35.8
4,36.1
4,36.2
4,36.4
4,36.5
4,36.6
4,36.7
4,36.9
4,37.0
4,37.2
4,37.3
4,37.5
4,37.6
4,37.8
4,37.9
4,38.0
4,38.1
4,38.2
4,38.3
4,38.4
4,38.5
4,38.6
4,38.7
4,38.8
4,38.9
4,39.0
4,39.1
4,39.3
4,39.4
4,39.6
4,39.8
4,39.9
4,40.1
4,40.4
4,40.8
4,40.9
4,41.0
4,41.1
4,41.5
4,41.6
4,41.7
4,41.8
4,42.0
4,42.1
4,42.2
4,42.4
4,42.5
4,42.6
4,42.7
4,43.0
4,43.2
4,43.3
4,43.4
4,43.6
4,43.7
4,43.8
4,43.9
4,44.3
4,44.4
4,44.5
4,44.6
4,44.7
4,44.8
4,45.0
4,45.3
4,45.4
4,45.6
4,45.9
4,46.1
4,46.2
4,46.5
4,46.6
4,46.7
4,46.9
4,47.1
4,47.2
4,47.4
4,47.6
4,47.8
4,47.9
4,48.0
4,48.1
4,48.2
4,48.5
4,48.7
4,48.8
4,48.9
4,49.0
4,49.4
4,49.5
4,49.6
4,49.7
4,49.8
4,49.9
4,50.0
4,50.1
4,50.2
4,50.5
4,50.7
4,50.8
4,50.9
4,51.1
4,51.2
4,51.3
4,51.4
4,51.5
4,51.7
4,51.8
4,51.9
4,52.1
4,52.2
4,52.4
4,52.5
4,52.7
4,52.8
4,52.9
4,53.0
4,53.1
4,53.2
4,53.3
4,53.5
4,53.6
4,53.7
4,53.8
4,53.9
4,54.0
4,54.1
4,54.2
4,54.3
4,54.5
4,54.6
4,54.7
4,54.8
4,54.9
4,55.0
4,55.1
4,55.2
4,55.3
4,55.4
4,55.5
4,55.6
4,55.7
4,55.8
4,55.9
4,56.0
4,56.1
4,56.2
4,56.3
4,56.4
4,56.5
4,56.7
4,56.9
4,57.0
4,57.4
4,57.5
4,57.6
4,57.7
4,57.8
4,57.9
4,58.0
4,58.1
4,58.2
4,58.3
4,58.5
4,58.6
4,58.7
4,59.0
4,59.1
4,59.2
4,59.3
4,59.4
4,59.5
4,59.7
4,59.8
4,59.9
4,60.0
4,60.1
4,60.2
4,60.3
4,60.4
4,60.5
4,60.6
4,60.7
4,60.9
4,61.0
4,61.1
4,61.2
4,61.3
4,61.4
4,61.5
4,61.6
4,61.7
4,61.8
4,62.0
4,62.1
4,62.2
4,62.3
4,62.5
4,62.6
4,62.7
4,62.8
4,62.9
4,63.1
4,63.4
4,63.5
4,63.8
4,63.9
4,64.1
4,64.2
4,64.4
4,64.7
4,64.8
4,64.9
4,65.0
4,65.1
4,65.5
4,66.0
4,66.2
4,66.3
4,66.4
4,66.6
4,66.7
4,66.8
4,66.9
4,67.2
4,67.3
4,67.4
4,67.5
4,67.7
4,67.8
4,67.9
4,68.1
4,68.4
4,68.6
4,69.0
4,69.4
4,69.7
4,69.9
4,70.2
4,70.4
4,70.8
4,71.0
4,71.2
4,71.3
4,71.5
4,71.6
4,71.8
4,72.0
4,72.1
4,72.6
4,72.8
4,72.9
4,73.1
4,73.2
4,73.6
4,73.9
4,74.0
4,74.1
4,74.2
4,74.5
4,74.6
4,74.8
4,75.1
4,75.2
4,75.3
4,75.4
4,75.8
4,75.9
4,76.0
4,76.2
4,76.4
4,76.7
4,76.9
4,77.2
4,77.3
4,77.4
4,77.5
4,78.0
4,78.1
4,78.2
4,78.3
4,78.4
4,78.5
4,78.6
4,78.7
4,78.8
4,78.9
4,79.1
4,79.3
4,79.7
4,79.9
4,80.1
4,80.2
4,80.3
4,80.4
4,80.5
4,80.7
4,80.9
4,81.2
4,81.4
4,81.7
4,81.9
4,82.0
4,82.1
4,82.3
4,82.4
4,82.5
4,82.6
4,82.7
4,82.8
4,82.9
4,83.0
4,83.1
4,83.2
4,83.3
4,83.4
4,83.5
4,83.6
4,83.7
4,83.8
4,84.2
4,84.3
4,84.4
4,84.6
4,84.7
4,84.8
4,84.9
4,85.3
4,85.4
4,85.5
4,85.6
4,85.7
4,85.8
4,85.9
4,86.0
4,86.2
4,86.3
4,86.4
4,86.5
4,86.6
4,86.8
4,86.9
4,87.0
4,87.1
4,87.2
4,87.3
4,87.4
4,87.5
4,87.6
4,87.7
4,87.8
4,87.9
4,88.0
4,88.1
4,88.2
4,88.5
4,88.7
4,89.2
4,89.3
4,89.4
4,89.5
4,89.6
4,89.7
4,89.8
4,89.9
4,90.0
4,90.2
4,90.3
4,90.5
4,90.6
4,90.9
4,91.0
4,91.3
4,91.4
4,91.5
4,91.7
4,91.8
4,91.9
4,92.0
4,92.2
4,92.3
4,92.4
4,92.5
4,92.6
4,92.7
4,92.8
4,92.9
4,93.0
4,93.1
4,93.2
4,93.3
4,93.4
4,93.6
4,93.7
4,93.9
4,94.1
4,94.2
4,94.3
4,94.4
4,94.5
4,94.7
4,94.8
4,94.9
4,95.0
4,95.1
4,95.3
4,95.4
4,95.5
4,95.6
4,95.7
4,95.9
4,96.0
4,96.1
4,96.2
4,96.3
4,96.4
4,96.5
4,96.6
4,96.7
4,96.8
4,96.9
4,97.0
4,97.1
4,97.2
4,97.3
4,97.5
4,97.6
4,97.7
4,97.8
4,97.9
4,98.0
4,98.1
4,98.2
4,98.3
4,98.4
4,98.5
4,98.6
4,98.7
4,98.8
4,98.9
4,99.0
4,99.1
4,99.2
4,99.3
4,99.4
4,99.5
4,99.6
4,99.7
4,99.8
4,99.9
4,100.0
4,100.1
4,100.2
4,100.3
4,100.4
4,100.5
4,100.6
4,100.7
4,100.8
4,100.9
4,101.0
4,101.1
4,101.3
4,101.4
4,101.5
4,101.6
4,101.7
4,101.8
4,101.9
4,102.0
4,102.1
4,102.2
4,102.4
4,102.5
4,102.6
4,102.7
4,102.8
4,102.9
4,103.0
4,103.1
4,103.2
4,103.4
4,103.5
4,103.6
4,103.7
4,103.8
4,103.9
4,104.0
4,104.1
4,104.2
4,104.3
4,104.6
4,104.7
4,104.8
4,104.9
4,105.0
4,105.1
4,105.2
4,105.6
4,105.7
4,106.3
4,106.4
4,106.6
4,106.7
4,106.8
4,106.9
4,107.2
4,107.3
4,107.4
4,107.7
4,107.9
4,108.2
4,108.3
4,108.5
4,108.6
4,108.9
4,109.2
4,109.4
4,109.5
4,109.9
4,110.2
4,110.3
4,110.5
4,111.0
4,111.1
4,111.5
4,112.4
4,112.6
4,113.1
4,113.5
4,113.6
4,113.7
4,113.8
4,114.1
4,114.4
4,115.0
4,115.2
4,115.3
4,115.6
4,115.7
4,115.8
4,116.0
4,116.1
4,116.7
4,116.8
4,117.4
4,118.0
4,118.5
4,118.9
4,119.1
4,119.2
4,119.4
4,119.5
4,120.0
4,120.4
4,121.3
4,121.4
4,122.0
4,122.8
4,123.2
4,123.5
4,123.8
4,124.0
4,125.0
4,125.1
4,125.3
4,126.8
4,127.2
4,127.9
4,128.0
4,128.3
4,128.6
4,130.8
4,133.9
4,134.0
4,140.5
4,142.4
4,144.3
4,147.2
4,150.4
4,151.9
4,159.5
4,171.8
5,21.9
5,22.1
5,22.6
5,23.1
5,23.4
5,24.2
5,24.3
5,25.0
5,25.1
5,25.7
5,25.9
5,26.5
5,26.7
5,26.9
5,27.1
5,27.2
5,27.9
5,28.5
5,28.7
5,29.2
5,29.4
5,29.7
5,29.8
5,29.9
5,30.2
5,30.4
5,30.5
5,30.6
5,30.7
5,31.0
5,31.1
5,31.2
5,31.4
5,31.6
5,31.7
5,31.8
5,31.9
5,32.0
5,32.1
5,32.2
5,32.3
5,32.5
5,32.6
5,32.8
5,33.0
5,33.1
5,33.2
5,33.3
5,33.4
5,33.7
5,34.0
5,34.2
5,34.3
5,34.4
5,34.6
5,34.8
5,34.9
5,35.1
5,35.2
5,35.3
5,35.4
5,35.7
5,35.8
5,35.9
5,36.1
5,36.4
5,36.5
5,36.6
5,36.7
5,36.8
5,36.9
5,37.1
5,37.2
5,37.3
5,37.5
5,37.7
5,37.8
5,37.9
5,38.0
5,38.1
5,38.2
5,38.3
5,38.4
5,38.5
5,38.6
5,38.7
5,38.8
5,38.9
5,39.0
5,39.1
5,39.4
5,39.5
5,39.6
5,39.8
5,40.1
5,40.2
5,40.3
5,40.5
5,40.6
5,41.1
5,41.2
5,41.3
5,41.5
5,41.6
5,41.8
5,42.0
5,42.1
5,42.5
5,42.6
5,42.7
5,42.9
5,43.0
5,43.2
5,43.3
5,43.4
5,43.6
5,43.8
5,44.0
5,44.3
5,44.5
5,44.6
5,44.7
5,45.0
5,45.1
5,45.2
5,45.3
5,45.4
5,45.8
5,45.9
5,46.2
5,46.3
5,46.5
5,46.6
5,46.7
5,46.9
5,47.0
5,47.1
5,47.3
5,47.4
5,47.5
5,47.8
5,47.9
5,48.0
5,48.1
5,48.2
5,48.4
5,48.9
5,49.0
5,49.1
5,49.2
5,49.4
5,49.6
5,49.7
5,49.8
5,49.9
5,50.0
5,50.1
5,50.3
5,50.5
5,50.8
5,50.9
5,51.1
5,51.4
5,51.5
5,51.6
5,51.7
5,51.9
5,52.0
5,52.1
5,52.4
5,52.6
5,52.7
5,52.9
5,53.0
5,53.1
5,53.2
5,53.3
5,53.4
5,53.5
5,53.7
5,53.8
5,53.9
5,54.0
5,54.1
5,54.2
5,54.3
5,54.4
5,54.5
5,54.6
5,54.7
5,54.9
5,55.0
5,55.1
5,55.2
5,55.3
5,55.4
5,55.5
5,55.6
5,55.7
5,55.8
5,55.9
5,56.0
5,56.1
5,56.2
5,56.3
5,56.4
5,56.5
5,56.6
5,56.8
5,56.9
5,57.1
5,57.2
5,57.3
5,57.5
5,57.6
5,57.7
5,57.8
5,57.9
5,58.3
5,58.4
5,58.6
5,59.0
5,59.1
5,59.3
5,59.4
5,59.5
5,59.6
5,59.7
5,59.8
5,59.9
5,60.0
5,60.1
5,60.2
5,60.3
5,60.5
5,60.6
5,60.7
5,60.8
5,60.9
5,61.1
5,61.3
5,61.4
5,61.5
5,61.6
5,61.8
5,61.9
5,62.0
5,62.1
5,62.2
5,62.4
5,62.5
5,62.6
5,62.7
5,62.8
5,63.0
5,63.1
5,63.2
5,63.4
5,63.7
5,63.8
5,64.0
5,64.1
5,64.4
5,64.5
5,64.6
5,64.8
5,65.0
5,65.1
5,65.9
5,66.0
5,66.3
5,66.4
5,66.5
5,66.6
5,66.7
5,67.0
5,67.1
5,67.2
5,67.4
5,67.7
5,68.1
5,68.2
5,68.3
5,68.7
5,68.9
5,69.0
5,69.1
5,69.7
5,69.9
5,70.6
5,70.7
5,71.2
5,71.3
5,71.6
5,71.8
5,71.9
5,72.3
5,72.6
5,72.8
5,73.0
5,73.1
5,73.2
5,73.5
5,73.6
5,73.7
5,73.8
5,74.0
5,74.1
5,74.2
5,74.5
5,74.8
5,75.0
5,75.1
5,75.3
5,75.7
5,75.9
5,76.0
5,76.2
5,76.3
5,76.5
5,76.6
5,76.9
5,77.1
5,77.2
5,77.4
5,77.8
5,77.9
5,78.0
5,78.1
5,78.3
5,78.4
5,78.5
5,78.6
5,78.7
5,78.8
5,78.9
5,79.1
5,79.2
5,79.6
5,80.0
5,80.2
5,80.4
5,80.7
5,80.8
5,80.9
5,81.2
5,81.5
5,81.6
5,81.9
5,82.0
5,82.1
5,82.2
5,82.3
5,82.4
5,82.5
5,82.6
5,82.7
5,82.8
5,82.9
5,83.0
5,83.1
5,83.2
5,83.3
5,83.4
5,83.5
5,83.6
5,83.7
5,83.8
5,83.9
5,84.0
5,84.2
5,84.4
5,84.6
5,84.7
5,84.8
5,84.9
5,85.1
5,85.4
5,85.6
5,85.7
5,85.8
5,86.0
5,86.1
5,86.2
5,86.3
5,86.5
5,86.6
5,86.8
5,86.9
5,87.0
5,87.2
5,87.3
5,87.4
5,87.5
5,87.6
5,87.7
5,87.8
5,87.9
5,88.0
5,88.1
5,88.3
5,88.8
5,89.2
5,89.4
5,89.6
5,89.7
5,89.8
5,89.9
5,90.0
5,90.1
5,90.2
5,90.3
5,90.4
5,90.5
5,90.6
5,90.9
5,91.0
5,91.1
5,91.2
5,91.3
5,91.4
5,91.5
5,91.6
5,91.7
5,91.8
5,92.1
5,92.3
5,92.5
5,92.6
5,92.7
5,92.8
5,92.9
5,93.0
5,93.1
5,93.2
5,93.3
5,93.4
5,93.5
5,93.6
5,93.7
5,93.9
5,94.0
5,94.1
5,94.2
5,94.5
5,94.6
5,94.7
5,94.8
5,94.9
5,95.0
5,95.1
5,95.2
5,95.3
5,95.4
5,95.5
5,95.7
5,95.8
5,95.9
5,96.0
5,96.1
5,96.2
5,96.4
5,96.5
5,96.6
5,96.7
5,96.8
5,96.9
5,97.0
5,97.1
5,97.2
5,97.3
5,97.5
5,97.6
5,97.7
5,97.8
5,97.9
5,98.0
5,98.1
5,98.2
5,98.3
5,98.4
5,98.5
5,98.6
5,98.7
5,98.8
5,98.9
5,99.0
5,99.1
5,99.2
5,99.3
5,99.5
5,99.6
5,99.7
5,99.8
5,99.9
5,100.0
5,100.1
5,100.2
5,100.3
5,100.4
5,100.5
5,100.6
5,100.7
5,100.8
5,100.9
5,101.1
5,101.2
5,101.3
5,101.4
5,101.5
5,101.6
5,101.7
5,101.8
5,101.9
5,102.1
5,102.2
5,102.5
5,102.6
5,102.7
5,102.8
5,102.9
5,103.0
5,103.1
5,103.2
5,103.4
5,103.5
5,103.6
5,103.7
5,103.8
5,103.9
5,104.0
5,104.1
5,104.2
5,104.3
5,104.4
5,104.5
5,104.6
5,104.7
5,105.0
5,105.2
5,105.3
5,105.5
5,105.7
5,105.8
5,106.3
5,106.5
5,106.7
5,106.8
5,106.9
5,107.4
5,107.6
5,107.9
5,108.0
5,108.3
5,108.6
5,108.8
5,108.9
5,109.0
5,109.4
5,109.5
5,109.9
5,110.0
5,110.3
5,110.7
5,110.9
5,111.0
5,111.5
5,111.8
5,111.9
5,112.0
5,112.7
5,112.8
5,113.7
5,113.8
5,114.0
5,114.6
5,115.0
5,115.2
5,115.6
5,116.0
5,116.1
5,116.2
5,116.8
5,117.2
5,117.3
5,117.8
5,118.3
5,118.6
5,118.7
5,118.9
5,119.0
5,119.5
5,119.6
5,119.9
5,120.0
5,120.4
5,120.9
5,121.3
5,121.8
5,122.0
5,122.7
5,124.0
5,124.4
5,124.8
5,125.2
5,125.3
5,125.7
5,127.2
5,128.0
5,128.6
5,130.1
5,130.5
5,131.0
5,132.5
5,135.8
5,139.7
5,141.6
5,143.6
5,146.7
5,147.8
5,151.9
5,154.8
5,159.5
5,173.6
6,21.7
6,21.9
6,22.2
6,22.6
6,23.1
6,23.4
6,23.5
6,24.3
6,25.1
6,25.4
6,25.6
6,26.0
6,26.5
6,26.9
6,27.0
6,27.1
6,27.3
6,27.6
6,28.0
6,28.4
6,28.5
6,29.0
6,29.2
6,29.5
6,29.8
6,29.9
6,30.0
6,30.2
6,30.5
6,30.6
6,30.7
6,31.1
6,31.2
6,31.3
6,31.4
6,31.6
6,31.7
6,31.8
6,32.0
6,32.1
6,32.2
6,32.3
6,32.4
6,32.5
6,32.6
6,32.7
6,32.9
6,33.0
6,33.1
6,33.2
6,33.4
6,33.5
6,33.6
6,34.0
6,34.2
6,34.3
6,34.4
6,34.5
6,34.6
6,34.8
6,34.9
6,35.0
6,35.1
6,35.2
6,35.4
6,35.7
6,35.8
6,35.9
6,36.1
6,36.2
6,36.3
6,36.4
6,36.5
6,36.6
6,36.8
6,36.9
6,37.0
6,37.1
6,37.2
6,37.3
6,37.4
6,37.5
6,37.7
6,37.8
6,37.9
6,38.0
6,38.1
6,38.3
6,38.4
6,38.5
6,38.7
6,38.8
6,38.9
6,39.0
6,39.1
6,39.2
6,39.3
6,39.4
6,39.5
6,39.6
6,39.8
6,39.9
6,40.1
6,40.2
6,40.3
6,40.7
6,40.8
6,41.1
6,41.2
6,41.3
6,41.5
6,41.6
6,41.9
6,42.0
6,42.1
6,42.2
6,42.6
6,42.8
6,43.0
6,43.1
6,43.2
6,43.3
6,43.5
6,43.6
6,43.7
6,43.8
6,43.9
6,44.0
6,44.5
6,44.6
6,44.9
6,45.1
6,45.2
6,45.3
6,45.4
6,45.5
6,45.7
6,45.8
6,45.9
6,46.1
6,46.2
6,46.4
6,46.7
6,46.8
6,47.0
6,47.1
6,47.3
6,47.4
6,47.6
6,47.7
6,47.9
6,48.2
6,48.3
6,48.4
6,48.5
6,48.7
6,49.1
6,49.2
6,49.3
6,49.4
6,49.6
6,49.7
6,49.8
6,49.9
6,50.0
6,50.1
6,50.2
6,50.4
6,50.5
6,50.6
6,50.7
6,50.8
6,50.9
6,51.1
6,51.2
6,51.5
6,51.6
6,51.7
6,51.8
6,51.9
6,52.0
6,52.1
6,52.3
6,52.4
6,52.6
6,52.8
6,52.9
6,53.0
6,53.1
6,53.2
6,53.3
6,53.4
6,53.5
6,53.7
6,53.8
6,53.9
6,54.0
6,54.1
6,54.2
6,54.3
6,54.4
6,54.6
6,54.7
6,54.8
6,54.9
6,55.0
6,55.1
6,55.2
6,55.3
6,55.4
6,55.5
6,55.6
6,55.7
6,55.8
6,55.9
6,56.0
6,56.1
6,56.2
6,56.3
6,56.4
6,56.5
6,56.6
6,56.7
6,56.8
6,56.9
6,57.0
6,57.1
6,57.2
6,57.5
6,57.6
6,57.7
6,57.8
6,57.9
6,58.1
6,58.3
6,58.4
6,58.5
6,58.6
6,59.1
6,59.2
6,59.3
6,59.5
6,59.6
6,59.7
6,59.8
6,60.0
6,60.1
6,60.3
6,60.5
6,60.6
6,60.7
6,60.8
6,60.9
6,61.0
6,61.1
6,61.3
6,61.4
6,61.5
6,61.7
6,61.9
6,62.0
6,62.1
6,62.2
6,62.3
6,62.4
6,62.6
6,62.7
6,62.8
6,63.3
6,63.5
6,63.6
6,63.7
6,63.9
6,64.1
6,64.2
6,64.3
6,64.4
6,64.5
6,64.7
6,64.9
6,65.0
6,65.1
6,65.2
6,66.4
6,66.5
6,66.6
6,66.7
6,66.9
6,67.0
6,67.2
6,67.3
6,67.4
6,67.6
6,68.0
6,68.1
6,68.3
6,68.5
6,68.7
6,68.8
6,69.0
6,69.1
6,69.3
6,69.4
6,69.5
6,69.9
6,70.2
6,70.6
6,70.7
6,70.8
6,70.9
6,71.1
6,71.8
6,71.9
6,72.0
6,72.3
6,72.5
6,72.8
6,72.9
6,73.1
6,73.2
6,73.3
6,73.6
6,73.7
6,73.9
6,74.0
6,74.1
6,74.2
6,74.3
6,74.7
6,74.8
6,75.0
6,75.3
6,75.4
6,75.7
6,75.9
6,76.0
6,76.1
6,76.2
6,76.5
6,76.7
6,76.9
6,77.1
6,77.2
6,77.4
6,77.8
6,78.0
6,78.1
6,78.3
6,78.6
6,78.7
6,78.8
6,79.0
6,79.1
6,79.2
6,79.3
6,79.4
6,79.5
6,79.6
6,79.8
6,80.1
6,80.2
6,80.4
6,80.6
6,80.9
6,81.0
6,81.4
6,81.5
6,81.6
6,81.7
6,81.9
6,82.0
6,82.1
6,82.3
6,82.5
6,82.6
6,82.8
6,82.9
6,83.0
6,83.1
6,83.2
6,83.3
6,83.4
6,83.5
6,83.6
6,83.7
6,83.8
6,83.9
6,84.0
6,84.2
6,84.3
6,84.4
6,84.6
6,84.7
6,84.8
6,84.9
6,85.1
6,85.2
6,85.6
6,85.7
6,85.8
6,85.9
6,86.0
6,86.1
6,86.2
6,86.5
6,86.7
6,86.8
6,86.9
6,87.0
6,87.1
6,87.2
6,87.3
6,87.5
6,87.7
6,87.9
6,88.0
6,88.1
6,88.2
6,88.3
6,88.4
6,88.6
6,88.8
6,89.0
6,89.2
6,89.8
6,89.9
6,90.0
6,90.1
6,90.2
6,90.3
6,90.4
6,90.5
6,90.6
6,90.7
6,90.8
6,90.9
6,91.2
6,91.3
6,91.4
6,91.7
6,91.8
6,91.9
6,92.0
6,92.1
6,92.3
6,92.4
6,92.5
6,92.6
6,92.7
6,92.8
6,92.9
6,93.0
6,93.1
6,93.2
6,93.3
6,93.4
6,93.5
6,93.6
6,93.8
6,93.9
6,94.0
6,94.1
6,94.2
6,94.3
6,94.4
6,94.7
6,94.8
6,94.9
6,95.0
6,95.4
6,95.5
6,95.6
6,95.7
6,95.8
6,95.9
6,96.0
6,96.1
6,96.2
6,96.3
6,96.4
6,96.5
6,96.6
6,96.7
6,96.8
6,96.9
6,97.0
6,97.1
6,97.2
6,97.3
6,97.4
6,97.5
6,97.6
6,97.7
6,97.8
6,97.9
6,98.0
6,98.1
6,98.2
6,98.3
6,98.4
6,98.5
6,98.6
6,98.7
6,98.8
6,98.9
6,99.0
6,99.1
6,99.2
6,99.3
6,99.4
6,99.5
6,99.6
6,99.7
6,99.8
6,99.9
6,100.0
6,100.1
6,100.2
6,100.3
6,100.4
6,100.5
6,100.6
6,100.7
6,100.8
6,100.9
6,101.0
6,101.1
6,101.3
6,101.4
6,101.5
6,101.6
6,101.8
6,101.9
6,102.0
6,102.1
6,102.2
6,102.4
6,102.5
6,102.6
6,102.7
6,102.8
6,103.0
6,103.1
6,103.2
6,103.3
6,103.5
6,103.6
6,103.7
6,103.8
6,103.9
6,104.2
6,104.3
6,104.4
6,104.5
6,104.6
6,104.7
6,104.9
6,105.0
6,105.1
6,105.2
6,105.4
6,105.5
6,105.6
6,105.7
6,105.8
6,106.2
6,106.4
6,106.7
6,106.8
6,106.9
6,107.0
6,107.5
6,107.8
6,107.9
6,108.0
6,108.1
6,108.3
6,108.6
6,108.9
6,109.0
6,109.1
6,109.3
6,109.5
6,109.6
6,109.8
6,110.0
6,110.1
6,110.7
6,110.8
6,111.0
6,111.1
6,111.5
6,111.9
6,112.3
6,112.5
6,113.0
6,113.2
6,113.4
6,113.7
6,114.2
6,114.8
6,114.9
6,115.0
6,115.2
6,115.4
6,115.6
6,116.0
6,116.1
6,116.3
6,116.4
6,116.7
6,116.8
6,117.4
6,117.8
6,118.4
6,118.5
6,118.7
6,118.9
6,119.3
6,119.5
6,119.7
6,119.8
6,120.0
6,120.5
6,122.0
6,122.5
6,123.0
6,124.0
6,124.2
6,124.4
6,125.0
6,125.3
6,125.5
6,125.9
6,127.5
6,128.1
6,128.7
6,129.5
6,130.5
6,131.1
6,132.8
6,133.4
6,136.9
6,141.5
6,143.6
6,147.8
6,148.7
6,151.7
6,156.8
6,160.2
6,174.8
7,21.7
7,21.9
7,22.3
7,22.6
7,23.1
7,23.2
7,23.4
7,23.5
7,24.3
7,25.3
7,25.4
7,25.6
7,26.1
7,26.5
7,27.0
7,27.1
7,27.5
7,28.1
7,28.5
7,28.6
7,29.0
7,29.3
7,29.6
7,29.8
7,30.1
7,30.2
7,30.5
7,30.6
7,30.8
7,30.9
7,31.1
7,31.2
7,31.4
7,31.5
7,31.7
7,31.9
7,32.0
7,32.1
7,32.2
7,32.3
7,32.4
7,32.6
7,32.7
7,33.0
7,33.1
7,33.2
7,33.4
7,33.5
7,33.7
7,34.1
7,34.2
7,34.3
7,34.4
7,34.6
7,34.7
7,34.8
7,34.9
7,35.0
7,35.1
7,35.2
7,35.4
7,35.6
7,35.7
7,35.8
7,35.9
7,36.1
7,36.2
7,36.4
7,36.7
7,36.8
7,36.9
7,37.0
7,37.1
7,37.2
7,37.3
7,37.4
7,37.5
7,37.6
7,37.8
7,37.9
7,38.0
7,38.1
7,38.3
7,38.4
7,38.5
7,38.6
7,38.7
7,38.8
7,38.9
7,39.0
7,39.1
7,39.2
7,39.3
7,39.4
7,39.6
7,39.8
7,39.9
7,40.1
7,40.2
7,40.3
7,40.8
7,41.1
7,41.3
7,41.5
7,41.6
7,41.7
7,41.9
7,42.1
7,42.2
7,42.6
7,42.7
7,42.8
7,43.1
7,43.2
7,43.3
7,43.4
7,43.5
7,43.8
7,43.9
7,44.0
7,44.1
7,44.2
7,44.6
7,44.7
7,45.1
7,45.3
7,45.4
7,45.6
7,45.7
7,45.8
7,45.9
7,46.1
7,46.2
7,46.3
7,46.4
7,46.7
7,46.8
7,46.9
7,47.3
7,47.5
7,47.6
7,47.7
7,47.9
7,48.0
7,48.2
7,48.3
7,48.4
7,48.6
7,48.7
7,49.2
7,49.3
7,49.4
7,49.5
7,49.6
7,49.7
7,49.8
7,50.0
7,50.1
7,50.2
7,50.3
7,50.4
7,50.6
7,50.7
7,50.8
7,50.9
7,51.3
7,51.4
7,51.5
7,51.7
7,51.8
7,51.9
7,52.1
7,52.3
7,52.4
7,52.5
7,52.7
7,52.8
7,52.9
7,53.0
7,53.1
7,53.3
7,53.4
7,53.5
7,53.7
7,53.8
7,53.9
7,54.0
7,54.1
7,54.2
7,54.3
7,54.4
7,54.5
7,54.6
7,54.7
7,54.9
7,55.0
7,55.1
7,55.2
7,55.3
7,55.4
7,55.5
7,55.6
7,55.7
7,55.8
7,55.9
7,56.0
7,56.1
7,56.2
7,56.3
7,56.4
7,56.5
7,56.6
7,56.7
7,56.8
7,56.9
7,57.0
7,57.1
7,57.4
7,57.6
7,57.7
7,57.8
7,57.9
7,58.0
7,58.1
7,58.3
7,58.4
7,58.6
7,58.7
7,58.8
7,59.1
7,59.2
7,59.3
7,59.6
7,59.7
7,59.8
7,59.9
7,60.0
7,60.1
7,60.2
7,60.3
7,60.4
7,60.6
7,60.7
7,60.8
7,60.9
7,61.0
7,61.1
7,61.2
7,61.3
7,61.4
7,61.5
7,61.6
7,61.8
7,61.9
7,62.0
7,62.1
7,62.2
7,62.3
7,62.4
7,62.6
7,62.7
7,62.8
7,62.9
7,63.0
7,63.2
7,63.4
7,63.5
7,63.6
7,63.7
7,63.8
7,63.9
7,64.3
7,64.4
7,64.5
7,64.7
7,64.8
7,64.9
7,65.1
7,65.2
7,65.4
7,65.9
7,66.0
7,66.4
7,66.5
7,66.6
7,66.7
7,66.8
7,67.0
7,67.3
7,67.4
7,67.5
7,67.6
7,68.0
7,68.3
7,68.5
7,68.8
7,69.0
7,69.1
7,69.3
7,69.8
7,70.0
7,70.5
7,70.6
7,70.7
7,70.8
7,71.1
7,71.7
7,71.8
7,71.9
7,72.0
7,72.1
7,72.2
7,72.3
7,72.5
7,72.9
7,73.0
7,73.1
7,73.3
7,73.6
7,73.7
7,73.9
7,74.0
7,74.1
7,74.2
7,74.4
7,74.6
7,74.8
7,74.9
7,75.0
7,75.3
7,75.8
7,76.0
7,76.1
7,76.2
7,76.5
7,76.6
7,76.7
7,76.8
7,77.0
7,77.1
7,77.6
7,77.8
7,77.9
7,78.0
7,78.1
7,78.4
7,78.6
7,78.8
7,78.9
7,79.0
7,79.1
7,79.3
7,79.6
7,79.8
7,79.9
7,80.0
7,80.1
7,80.4
7,80.5
7,80.6
7,80.7
7,80.8
7,80.9
7,81.0
7,81.2
7,81.4
7,81.5
7,81.8
7,81.9
7,82.0
7,82.1
7,82.2
7,82.4
7,82.5
7,82.7
7,82.8
7,82.9
7,83.1
7,83.2
7,83.4
7,83.5
7,83.6
7,83.7
7,83.8
7,84.0
7,84.1
7,84.2
7,84.3
7,84.4
7,84.6
7,84.8
7,84.9
7,85.1
7,85.2
7,85.3
7,85.4
7,85.7
7,85.8
7,85.9
7,86.0
7,86.1
7,86.2
7,86.4
7,86.5
7,86.7
7,86.8
7,86.9
7,87.0
7,87.3
7,87.4
7,87.5
7,87.6
7,87.7
7,87.8
7,87.9
7,88.0
7,88.1
7,88.2
7,88.3
7,88.4
7,88.5
7,88.6
7,88.7
7,88.8
7,89.0
7,89.6
7,89.9
7,90.1
7,90.2
7,90.3
7,90.4
7,90.5
7,90.6
7,90.7
7,90.8
7,90.9
7,91.1
7,91.2
7,91.3
7,91.4
7,91.7
7,91.8
7,91.9
7,92.0
7,92.1
7,92.4
7,92.6
7,92.7
7,92.8
7,93.0
7,93.1
7,93.2
7,93.3
7,93.4
7,93.5
7,93.6
7,93.8
7,93.9
7,94.1
7,94.2
7,94.4
7,94.6
7,94.7
7,94.8
7,94.9
7,95.0
7,95.1
7,95.3
7,95.4
7,95.5
7,95.6
7,95.7
7,95.8
7,95.9
7,96.0
7,96.1
7,96.2
7,96.3
7,96.5
7,96.6
7,96.7
7,96.8
7,96.9
7,97.0
7,97.1
7,97.2
7,97.3
7,97.4
7,97.5
7,97.6
7,97.7
7,97.8
7,97.9
7,98.0
7,98.1
7,98.2
7,98.3
7,98.4
7,98.5
7,98.6
7,98.8
7,98.9
7,99.0
7,99.1
7,99.2
7,99.3
7,99.4
7,99.5
7,99.6
7,99.7
7,99.8
7,99.9
7,100.0
7,100.1
7,100.2
7,100.3
7,100.4
7,100.5
7,100.6
7,100.7
7,100.8
7,100.9
7,101.0
7,101.1
7,101.3
7,101.4
7,101.5
7,101.6
7,101.9
7,102.0
7,102.1
7,102.2
7,102.3
7,102.6
7,102.7
7,102.8
7,102.9
7,103.0
7,103.1
7,103.2
7,103.3
7,103.4
7,103.5
7,103.6
7,103.7
7,103.8
7,103.9
7,104.0
7,104.1
7,104.3
7,104.4
7,104.5
7,104.6
7,104.7
7,105.0
7,105.2
7,105.4
7,105.5
7,105.8
7,106.0
7,106.1
7,106.4
7,106.5
7,106.6
7,106.7
7,107.2
7,107.3
7,107.6
7,107.8
7,107.9
7,108.0
7,108.3
7,108.8
7,108.9
7,109.4
7,109.5
7,109.8
7,109.9
7,110.0
7,110.1
7,110.2
7,110.5
7,111.0
7,111.1
7,111.3
7,111.5
7,111.6
7,111.7
7,112.2
7,112.7
7,113.4
7,113.5
7,114.1
7,114.3
7,114.8
7,115.0
7,115.2
7,115.3
7,115.4
7,115.6
7,115.9
7,116.0
7,116.1
7,116.6
7,116.7
7,116.8
7,117.2
7,117.4
7,117.8
7,118.0
7,118.5
7,118.6
7,119.4
7,119.5
7,119.7
7,119.8
7,120.3
7,120.9
7,122.0
7,122.8
7,123.0
7,124.0
7,124.6
7,124.9
7,125.3
7,125.4
7,125.5
7,125.9
7,126.0
7,127.5
7,128.7
7,129.4
7,130.1
7,130.5
7,130.8
7,131.2
7,134.6
7,137.8
7,141.4
7,142.5
7,143.6
7,148.1
7,148.7
7,151.5
7,157.7
7,159.0
7,175.8
8,21.6
8,22.2
8,22.5
8,22.6
8,23.0
8,23.3
8,23.7
8,24.3
8,25.4
8,25.6
8,26.1
8,26.5
8,27.1
8,27.2
8,27.3
8,27.8
8,28.3
8,28.7
8,29.0
8,29.5
8,29.6
8,29.7
8,29.9
8,30.3
8,30.4
8,30.5
8,30.7
8,31.0
8,31.1
8,31.2
8,31.6
8,31.7
8,31.9
8,32.1
8,32.2
8,32.3
8,32.4
8,32.5
8,32.7
8,33.0
8,33.1
8,33.2
8,33.3
8,33.6
8,33.7
8,34.1
8,34.2
8,34.3
8,34.4
8,34.7
8,34.9
8,35.0
8,35.1
8,35.2
8,35.4
8,35.5
8,35.7
8,35.8
8,35.9
8,36.0
8,36.1
8,36.2
8,36.4
8,36.5
8,36.6
8,36.7
8,36.8
8,36.9
8,37.1
8,37.2
8,37.3
8,37.4
8,37.5
8,37.7
8,37.8
8,37.9
8,38.0
8,38.1
8,38.3
8,38.5
8,38.6
8,38.7
8,38.8
8,38.9
8,39.0
8,39.3
8,39.4
8,39.5
8,39.6
8,39.7
8,39.8
8,39.9
8,40.0
8,40.3
8,40.6
8,40.9
8,41.0
8,41.1
8,41.2
8,41.4
8,41.5
8,41.7
8,41.8
8,41.9
8,42.0
8,42.1
8,42.2
8,42.4
8,42.6
8,42.8
8,43.1
8,43.2
8,43.3
8,43.4
8,43.5
8,43.7
8,43.8
8,43.9
8,44.0
8,44.1
8,44.4
8,44.6
8,44.7
8,44.9
8,45.1
8,45.3
8,45.4
8,45.6
8,45.7
8,45.8
8,45.9
8,46.1
8,46.2
8,46.3
8,46.4
8,46.5
8,46.6
8,46.8
8,46.9
8,47.0
8,47.3
8,47.5
8,47.6
8,47.7
8,48.0
8,48.1
8,48.2
8,48.3
8,48.5
8,48.6
8,48.8
8,49.2
8,49.3
8,49.4
8,49.5
8,49.6
8,49.7
8,49.8
8,50.0
8,50.2
8,50.3
8,50.5
8,50.6
8,50.7
8,50.8
8,50.9
8,51.0
8,51.3
8,51.5
8,51.6
8,51.8
8,51.9
8,52.0
8,52.1
8,52.4
8,52.5
8,52.6
8,52.7
8,52.8
8,52.9
8,53.0
8,53.1
8,53.2
8,53.3
8,53.4
8,53.5
8,53.6
8,53.7
8,53.8
8,53.9
8,54.0
8,54.1
8,54.4
8,54.5
8,54.6
8,54.7
8,54.8
8,54.9
8,55.0
8,55.1
8,55.2
8,55.3
8,55.4
8,55.6
8,55.7
8,55.8
8,55.9
8,56.0
8,56.1
8,56.2
8,56.3
8,56.4
8,56.5
8,56.6
8,56.7
8,56.8
8,56.9
8,57.0
8,57.1
8,57.2
8,57.4
8,57.7
8,57.9
8,58.0
8,58.1
8,58.2
8,58.3
8,58.4
8,58.7
8,58.8
8,58.9
8,59.0
8,59.1
8,59.3
8,59.5
8,59.6
8,59.7
8,59.8
8,60.0
8,60.1
8,60.2
8,60.3
8,60.5
8,60.6
8,60.7
8,60.8
8,60.9
8,61.0
8,61.1
8,61.2
8,61.5
8,61.6
8,61.7
8,61.8
8,61.9
8,62.0
8,62.1
8,62.2
8,62.3
8,62.4
8,62.5
8,62.7
8,62.8
8,63.1
8,63.3
8,63.4
8,63.5
8,63.6
8,63.7
8,63.8
8,63.9
8,64.4
8,64.5
8,64.8
8,64.9
8,65.1
8,65.2
8,65.5
8,65.8
8,66.6
8,66.7
8,66.8
8,66.9
8,67.0
8,67.1
8,67.6
8,67.7
8,68.0
8,68.1
8,68.2
8,68.8
8,68.9
8,69.1
8,69.2
8,69.3
8,69.4
8,69.5
8,69.6
8,70.0
8,70.1
8,70.6
8,70.8
8,70.9
8,71.3
8,71.5
8,71.8
8,72.0
8,72.1
8,72.2
8,72.3
8,72.4
8,72.5
8,72.8
8,72.9
8,73.4
8,73.5
8,73.6
8,73.7
8,73.8
8,73.9
8,74.0
8,74.1
8,74.5
8,74.8
8,74.9
8,75.3
8,75.5
8,75.8
8,75.9
8,76.0
8,76.1
8,76.5
8,76.8
8,77.1
8,77.2
8,77.3
8,77.6
8,77.7
8,77.8
8,77.9
8,78.0
8,78.2
8,78.4
8,78.5
8,78.6
8,78.8
8,79.0
8,79.1
8,79.6
8,79.9
8,80.0
8,80.1
8,80.2
8,80.3
8,80.4
8,80.5
8,80.7
8,80.8
8,80.9
8,81.0
8,81.1
8,81.4
8,81.8
8,82.0
8,82.1
8,82.2
8,82.3
8,82.6
8,82.7
8,82.9
8,83.1
8,83.2
8,83.4
8,83.5
8,83.6
8,83.7
8,83.8
8,84.0
8,84.1
8,84.2
8,84.3
8,84.4
8,84.5
8,84.6
8,85.2
8,85.3
8,85.5
8,85.6
8,85.8
8,85.9
8,86.0
8,86.1
8,86.2
8,86.3
8,86.4
8,86.5
8,86.6
8,86.7
8,86.8
8,86.9
8,87.0
8,87.1
8,87.2
8,87.3
8,87.4
8,87.5
8,87.7
8,87.8
8,87.9
8,88.0
8,88.2
8,88.4
8,88.5
8,88.6
8,88.7
8,88.8
8,89.0
8,89.1
8,89.2
8,89.4
8,89.5
8,89.6
8,89.7
8,90.0
8,90.1
8,90.2
8,90.3
8,90.4
8,90.5
8,90.6
8,90.7
8,90.8
8,90.9
8,91.1
8,91.2
8,91.3
8,91.6
8,91.7
8,91.9
8,92.0
8,92.1
8,92.2
8,92.3
8,92.4
8,92.5
8,92.6
8,92.7
8,92.8
8,92.9
8,93.0
8,93.2
8,93.3
8,93.4
8,93.5
8,93.6
8,93.7
8,93.8
8,93.9
8,94.0
8,94.1
8,94.2
8,94.4
8,94.6
8,94.7
8,94.8
8,94.9
8,95.0
8,95.1
8,95.2
8,95.3
8,95.4
8,95.5
8,95.6
8,95.7
8,95.9
8,96.0
8,96.1
8,96.2
8,96.3
8,96.5
8,96.6
8,96.7
8,96.8
8,96.9
8,97.0
8,97.2
8,97.3
8,97.4
8,97.6
8,97.7
8,97.8
8,97.9
8,98.0
8,98.1
8,98.2
8,98.3
8,98.4
8,98.5
8,98.6
8,98.8
8,98.9
8,99.0
8,99.1
8,99.2
8,99.3
8,99.4
8,99.5
8,99.6
8,99.7
8,99.8
8,99.9
8,100.0
8,100.1
8,100.2
8,100.3
8,100.4
8,100.5
8,100.6
8,100.7
8,100.8
8,100.9
8,101.0
8,101.1
8,101.2
8,101.4
8,101.7
8,101.8
8,102.0
8,102.1
8,102.5
8,102.6
8,102.7
8,102.8
8,102.9
8,103.0
8,103.1
8,103.2
8,103.3
8,103.4
8,103.5
8,103.6
8,103.7
8,103.8
8,103.9
8,104.0
8,104.1
8,104.2
8,104.4
8,104.5
8,104.6
8,104.7
8,105.0
8,105.1
8,105.2
8,105.3
8,105.7
8,105.8
8,106.0
8,106.2
8,106.3
8,106.4
8,106.5
8,106.6
8,106.7
8,106.9
8,107.1
8,107.3
8,107.6
8,107.7
8,107.8
8,107.9
8,108.0
8,108.1
8,108.2
8,108.3
8,108.5
8,108.7
8,108.9
8,109.0
8,109.1
8,109.5
8,109.7
8,109.9
8,110.3
8,110.4
8,110.5
8,110.6
8,111.0
8,111.1
8,111.5
8,111.7
8,111.8
8,112.3
8,113.0
8,113.2
8,113.4
8,114.1
8,114.3
8,114.9
8,115.0
8,115.2
8,115.4
8,115.5
8,115.6
8,116.0
8,116.1
8,116.3
8,116.6
8,116.8
8,117.3
8,117.4
8,117.8
8,118.0
8,118.2
8,118.4
8,118.8
8,119.4
8,119.5
8,119.8
8,120.0
8,120.8
8,120.9
8,121.1
8,121.5
8,122.0
8,122.8
8,123.0
8,124.0
8,124.6
8,125.2
8,125.3
8,125.5
8,126.1
8,126.6
8,127.3
8,127.6
8,128.7
8,129.4
8,130.5
8,130.8
8,131.4
8,134.9
8,136.3
8,139.6
8,141.5
8,142.5
8,143.6
8,148.1
8,148.7
8,151.5
8,159.4
8,162.3
8,175.7
9,21.6
9,22.2
9,22.6
9,22.7
9,23.1
9,23.3
9,23.7
9,24.3
9,24.4
9,25.4
9,25.5
9,25.6
9,25.9
9,26.3
9,26.6
9,27.1
9,27.2
9,27.8
9,28.4
9,28.8
9,29.0
9,29.8
9,29.9
9,30.0
9,30.4
9,30.5
9,30.7
9,30.8
9,31.0
9,31.1
9,31.2
9,31.4
9,31.5
9,31.8
9,31.9
9,32.0
9,32.1
9,32.2
9,32.4
9,32.6
9,32.7
9,32.9
9,33.0
9,33.1
9,33.2
9,33.3
9,33.5
9,33.6
9,34.0
9,34.1
9,34.2
9,34.3
9,34.4
9,34.5
9,34.7
9,34.8
9,34.9
9,35.0
9,35.1
9,35.2
9,35.3
9,35.6
9,35.8
9,35.9
9,36.1
9,36.2
9,36.4
9,36.5
9,36.6
9,36.7
9,36.8
9,36.9
9,37.0
9,37.1
9,37.2
9,37.3
9,37.4
9,37.5
9,37.6
9,37.7
9,37.9
9,38.0
9,38.1
9,38.2
9,38.3
9,38.4
9,38.5
9,38.6
9,38.7
9,38.8
9,38.9
9,39.0
9,39.1
9,39.3
9,39.4
9,39.5
9,39.6
9,39.7
9,39.8
9,40.2
9,40.3
9,40.4
9,40.8
9,41.0
9,41.1
9,41.2
9,41.3
9,41.4
9,41.6
9,41.7
9,42.1
9,42.2
9,42.3
9,42.4
9,42.5
9,42.6
9,42.8
9,43.1
9,43.3
9,43.5
9,43.6
9,43.7
9,43.8
9,43.9
9,44.0
9,44.1
9,44.2
9,44.4
9,44.7
9,44.9
9,45.0
9,45.1
9,45.3
9,45.4
9,45.7
9,45.9
9,46.0
9,46.1
9,46.3
9,46.4
9,46.5
9,46.6
9,46.7
9,46.8
9,46.9
9,47.0
9,47.2
9,47.6
9,47.7
9,48.0
9,48.1
9,48.2
9,48.3
9,48.5
9,48.7
9,48.8
9,49.0
9,49.4
9,49.5
9,49.6
9,49.7
9,49.8
9,49.9
9,50.0
9,50.1
9,50.2
9,50.4
9,50.5
9,50.6
9,50.7
9,51.1
9,51.2
9,51.3
9,51.4
9,51.6
9,51.7
9,51.8
9,52.0
9,52.2
9,52.4
9,52.5
9,52.7
9,52.8
9,53.0
9,53.1
9,53.2
9,53.3
9,53.4
9,53.5
9,53.6
9,53.7
9,53.8
9,53.9
9,54.0
9,54.1
9,54.2
9,54.3
9,54.4
9,54.5
9,54.6
9,54.7
9,54.8
9,55.0
9,55.1
9,55.2
9,55.3
9,55.4
9,55.6
9,55.7
9,55.8
9,55.9
9,56.0
9,56.1
9,56.2
9,56.3
9,56.4
9,56.5
9,56.6
9,56.7
9,56.8
9,56.9
9,57.0
9,57.1
9,57.2
9,57.5
9,57.7
9,58.0
9,58.1
9,58.2
9,58.3
9,58.4
9,58.5
9,58.6
9,58.7
9,58.8
9,58.9
9,59.0
9,59.1
9,59.2
9,59.3
9,59.5
9,59.7
9,59.8
9,59.9
9,60.0
9,60.1
9,60.2
9,60.3
9,60.4
9,60.5
9,60.6
9,60.7
9,60.8
9,60.9
9,61.0
9,61.1
9,61.2
9,61.4
9,61.5
9,61.6
9,61.7
9,61.8
9,61.9
9,62.0
9,62.1
9,62.2
9,62.3
9,62.4
9,62.5
9,62.6
9,62.7
9,62.8
9,63.0
9,63.1
9,63.2
9,63.3
9,63.4
9,63.5
9,63.6
9,63.8
9,63.9
9,64.4
9,64.7
9,64.8
9,64.9
9,65.0
9,65.1
9,65.2
9,65.4
9,65.5
9,65.6
9,65.8
9,66.0
9,66.2
9,66.8
9,66.9
9,67.1
9,67.2
9,67.3
9,67.8
9,68.4
9,68.6
9,68.7
9,68.8
9,69.0
9,69.3
9,69.4
9,69.5
9,69.9
9,70.0
9,70.1
9,70.5
9,70.6
9,70.8
9,71.5
9,72.0
9,72.2
9,72.3
9,72.5
9,72.6
9,72.7
9,72.8
9,72.9
9,73.3
9,73.5
9,73.6
9,73.7
9,73.9
9,74.0
9,74.2
9,74.5
9,74.6
9,74.7
9,74.9
9,75.0
9,75.2
9,75.5
9,75.8
9,75.9
9,76.0
9,76.2
9,76.7
9,76.8
9,77.0
9,77.1
9,77.2
9,77.6
9,77.8
9,78.0
9,78.1
9,78.4
9,78.5
9,78.6
9,78.8
9,78.9
9,79.0
9,79.1
9,79.7
9,79.8
9,80.2
9,80.4
9,80.6
9,80.9
9,81.0
9,81.1
9,81.2
9,81.4
9,81.7
9,82.1
9,82.2
9,82.3
9,82.4
9,82.5
9,82.6
9,82.7
9,82.8
9,82.9
9,83.0
9,83.2
9,83.3
9,83.4
9,83.6
9,83.7
9,83.8
9,83.9
9,84.0
9,84.2
9,84.3
9,84.4
9,84.6
9,84.7
9,84.8
9,85.0
9,85.1
9,85.5
9,85.6
9,85.8
9,85.9
9,86.0
9,86.1
9,86.2
9,86.3
9,86.4
9,86.5
9,86.6
9,86.7
9,86.8
9,87.0
9,87.1
9,87.2
9,87.3
9,87.4
9,87.5
9,87.6
9,87.7
9,87.8
9,87.9
9,88.1
9,88.2
9,88.3
9,88.4
9,88.5
9,88.6
9,88.7
9,88.8
9,88.9
9,89.1
9,89.5
9,89.7
9,89.8
9,90.1
9,90.2
9,90.3
9,90.4
9,90.6
9,90.7
9,90.8
9,90.9
9,91.0
9,91.1
9,91.2
9,91.3
9,91.5
9,91.7
9,91.8
9,91.9
9,92.0
9,92.1
9,92.2
9,92.3
9,92.4
9,92.6
9,92.7
9,92.8
9,92.9
9,93.0
9,93.2
9,93.3
9,93.4
9,93.5
9,93.6
9,93.7
9,93.8
9,93.9
9,94.0
9,94.1
9,94.2
9,94.3
9,94.4
9,94.6
9,94.8
9,94.9
9,95.0
9,95.1
9,95.2
9,95.3
9,95.4
9,95.5
9,95.7
9,95.8
9,95.9
9,96.0
9,96.1
9,96.2
9,96.3
9,96.4
9,96.5
9,96.6
9,96.7
9,96.8
9,96.9
9,97.0
9,97.1
9,97.2
9,97.4
9,97.5
9,97.6
9,97.7
9,97.8
9,97.9
9,98.0
9,98.1
9,98.2
9,98.3
9,98.4
9,98.5
9,98.6
9,98.7
9,98.8
9,98.9
9,99.0
9,99.1
9,99.2
9,99.3
9,99.4
9,99.5
9,99.6
9,99.7
9,99.8
9,99.9
9,100.0
9,100.1
9,100.2
9,100.3
9,100.4
9,100.5
9,100.6
9,100.7
9,100.8
9,100.9
9,101.0
9,101.1
9,101.2
9,101.4
9,101.5
9,101.6
9,101.7
9,101.8
9,102.0
9,102.3
9,102.4
9,102.5
9,102.7
9,102.8
9,102.9
9,103.0
9,103.1
9,103.2
9,103.3
9,103.4
9,103.5
9,103.7
9,103.8
9,104.0
9,104.1
9,104.2
9,104.3
9,104.4
9,104.5
9,104.6
9,104.7
9,104.8
9,104.9
9,105.0
9,105.2
9,105.3
9,105.4
9,105.6
9,105.7
9,105.8
9,105.9
9,106.0
9,106.2
9,106.3
9,106.4
9,106.5
9,106.7
9,106.8
9,106.9
9,107.3
9,107.6
9,108.0
9,108.2
9,108.4
9,108.6
9,108.7
9,108.8
9,108.9
9,109.1
9,109.2
9,109.3
9,109.5
9,109.6
9,110.2
9,110.5
9,110.8
9,110.9
9,111.0
9,111.1
9,111.5
9,111.9
9,112.0
9,112.2
9,112.7
9,113.1
9,114.1
9,114.4
9,114.9
9,115.0
9,115.2
9,115.3
9,115.6
9,116.0
9,116.1
9,116.3
9,116.5
9,116.7
9,117.1
9,117.4
9,117.8
9,118.0
9,118.5
9,119.4
9,119.5
9,119.7
9,119.8
9,120.2
9,120.9
9,121.3
9,121.9
9,122.0
9,122.6
9,123.3
9,124.0
9,124.6
9,125.2
9,125.3
9,126.0
9,126.8
9,127.4
9,128.7
9,129.4
9,130.1
9,133.3
9,136.3
9,137.5
9,141.3
9,142.0
9,143.1
9,143.6
9,147.8
9,148.1
9,151.4
9,158.4
9,163.0
9,175.7
10,21.6
10,22.2
10,22.6
10,22.8
10,23.0
10,23.2
10,23.3
10,23.8
10,24.4
10,24.5
10,25.4
10,25.7
10,25.9
10,26.3
10,26.6
10,27.1
10,27.3
10,28.0
10,28.7
10,28.8
10,29.0
10,29.8
10,30.0
10,30.2
10,30.3
10,30.4
10,30.5
10,30.8
10,30.9
10,31.0
10,31.1
10,31.2
10,31.4
10,31.8
10,31.9
10,32.0
10,32.1
10,32.2
10,32.5
10,32.7
10,32.8
10,32.9
10,33.0
10,33.1
10,33.2
10,33.4
10,33.6
10,34.0
10,34.1
10,34.2
10,34.3
10,34.4
10,34.5
10,34.6
10,34.8
10,35.0
10,35.1
10,35.2
10,35.3
10,35.5
10,35.6
10,35.9
10,36.1
10,36.2
10,36.4
10,36.5
10,36.6
10,36.7
10,36.8
10,36.9
10,37.0
10,37.1
10,37.4
10,37.6
10,37.7
10,37.9
10,38.0
10,38.3
10,38.4
10,38.5
10,38.6
10,38.7
10,38.8
10,38.9
10,39.0
10,39.1
10,39.2
10,39.3
10,39.4
10,39.5
10,39.7
10,39.8
10,40.0
10,40.2
10,40.3
10,40.4
10,40.5
10,40.9
10,41.1
10,41.2
10,41.3
10,41.4
10,41.5
10,41.6
10,41.7
10,41.8
10,41.9
10,42.2
10,42.3
10,42.7
10,42.8
10,43.0
10,43.1
10,43.2
10,43.3
10,43.5
10,43.6
10,43.8
10,43.9
10,44.0
10,44.1
10,44.2
10,44.3
10,44.5
10,44.7
10,44.8
10,44.9
10,45.0
10,45.2
10,45.4
10,45.5
10,45.6
10,45.7
10,46.0
10,46.1
10,46.2
10,46.3
10,46.4
10,46.5
10,46.7
10,46.8
10,46.9
10,47.0
10,47.2
10,47.3
10,47.4
10,47.5
10,47.6
10,47.7
10,47.8
10,48.0
10,48.1
10,48.2
10,48.3
10,48.4
10,48.7
10,48.9
10,49.2
10,49.4
10,49.5
10,49.6
10,49.7
10,49.8
10,50.0
10,50.1
10,50.2
10,50.3
10,50.5
10,50.6
10,50.7
10,50.9
10,51.2
10,51.4
10,51.5
10,51.6
10,51.8
10,51.9
10,52.1
10,52.3
10,52.4
10,52.8
10,52.9
10,53.1
10,53.2
10,53.3
10,53.4
10,53.5
10,53.6
10,53.7
10,53.8
10,53.9
10,54.0
10,54.1
10,54.2
10,54.3
10,54.5
10,54.6
10,54.7
10,54.8
10,54.9
10,55.0
10,55.1
10,55.2
10,55.3
10,55.4
10,55.5
10,55.6
10,55.7
10,55.8
10,55.9
10,56.0
10,56.1
10,56.2
10,56.3
10,56.4
10,56.5
10,56.6
10,56.8
10,56.9
10,57.0
10,57.1
10,57.2
10,57.5
10,57.8
10,58.0
10,58.1
10,58.2
10,58.3
10,58.4
10,58.5
10,58.6
10,58.7
10,58.8
10,58.9
10,59.1
10,59.2
10,59.3
10,59.4
10,59.5
10,59.6
10,59.7
10,59.8
10,59.9
10,60.0
10,60.1
10,60.2
10,60.3
10,60.4
10,60.5
10,60.6
10,60.7
10,60.8
10,61.1
10,61.3
10,61.4
10,61.5
10,61.6
10,61.7
10,61.8
10,61.9
10,62.0
10,62.1
10,62.2
10,62.3
10,62.4
10,62.5
10,62.6
10,62.7
10,62.8
10,62.9
10,63.0
10,63.1
10,63.2
10,63.3
10,63.5
10,63.6
10,63.7
10,63.8
10,64.4
10,64.9
10,65.1
10,65.2
10,65.4
10,65.6
10,65.7
10,65.8
10,65.9
10,66.5
10,67.0
10,67.1
10,67.2
10,67.4
10,67.6
10,67.7
10,67.9
10,68.1
10,68.4
10,68.5
10,68.6
10,68.7
10,68.8
10,69.0
10,69.1
10,69.4
10,69.5
10,70.1
10,70.3
10,70.5
10,70.6
10,70.8
10,70.9
10,71.6
10,72.3
10,72.4
10,72.5
10,72.6
10,72.7
10,72.8
10,72.9
10,73.0
10,73.2
10,73.5
10,73.6
10,73.7
10,73.9
10,74.3
10,74.4
10,74.5
10,74.7
10,74.8
10,74.9
10,75.1
10,75.3
10,75.4
10,75.8
10,76.0
10,76.2
10,76.7
10,76.8
10,76.9
10,77.0
10,77.1
10,77.3
10,77.6
10,77.9
10,78.2
10,78.4
10,78.5
10,78.6
10,78.7
10,78.8
10,79.0
10,79.1
10,79.2
10,79.4
10,80.0
10,80.1
10,80.2
10,80.3
10,80.7
10,80.9
10,81.1
10,81.2
10,81.3
10,81.4
10,81.5
10,81.6
10,81.9
10,82.1
10,82.3
10,82.4
10,82.5
10,82.7
10,82.8
10,82.9
10,83.0
10,83.1
10,83.2
10,83.4
10,83.5
10,83.6
10,83.7
10,83.8
10,83.9
10,84.0
10,84.1
10,84.4
10,84.5
10,84.6
10,84.7
10,84.9
10,85.1
10,85.2
10,85.5
10,85.7
10,85.8
10,85.9
10,86.0
10,86.1
10,86.2
10,86.3
10,86.4
10,86.5
10,86.6
10,86.7
10,86.8
10,86.9
10,87.0
10,87.1
10,87.2
10,87.3
10,87.6
10,87.7
10,87.8
10,87.9
10,88.0
10,88.2
10,88.4
10,88.7
10,88.8
10,89.0
10,89.1
10,89.2
10,89.4
10,89.5
10,89.8
10,90.3
10,90.5
10,90.6
10,90.7
10,90.8
10,91.0
10,91.1
10,91.2
10,91.3
10,91.5
10,91.6
10,91.7
10,91.8
10,91.9
10,92.2
10,92.4
10,92.5
10,92.6
10,92.7
10,92.8
10,92.9
10,93.0
10,93.1
10,93.2
10,93.3
10,93.4
10,93.6
10,93.7
10,93.8
10,93.9
10,94.0
10,94.1
10,94.3
10,94.4
10,94.5
10,94.6
10,94.7
10,94.8
10,94.9
10,95.0
10,95.2
10,95.3
10,95.4
10,95.5
10,95.6
10,95.7
10,95.8
10,95.9
10,96.0
10,96.1
10,96.2
10,96.3
10,96.4
10,96.5
10,96.6
10,96.7
10,96.8
10,96.9
10,97.0
10,97.1
10,97.2
10,97.3
10,97.4
10,97.5
10,97.6
10,97.7
10,97.8
10,97.9
10,98.0
10,98.1
10,98.2
10,98.3
10,98.4
10,98.5
10,98.6
10,98.7
10,98.8
10,98.9
10,99.0
10,99.1
10,99.2
10,99.3
10,99.4
10,99.5
10,99.6
10,99.7
10,99.8
10,99.9
10,100.0
10,100.1
10,100.2
10,100.3
10,100.4
10,100.5
10,100.6
10,100.7
10,100.8
10,100.9
10,101.0
10,101.1
10,101.2
10,101.3
10,101.4
10,101.5
10,101.6
10,101.7
10,101.8
10,101.9
10,102.0
10,102.3
10,102.4
10,102.5
10,102.6
10,102.7
10,102.8
10,102.9
10,103.0
10,103.1
10,103.2
10,103.3
10,103.4
10,103.5
10,103.6
10,103.7
10,103.8
10,103.9
10,104.0
10,104.1
10,104.2
10,104.3
10,104.4
10,104.5
10,104.6
10,104.7
10,104.8
10,105.0
10,105.1
10,105.2
10,105.4
10,105.6
10,105.8
10,105.9
10,106.0
10,106.3
10,106.4
10,106.6
10,106.8
10,106.9
10,107.1
10,107.3
10,107.5
10,107.6
10,107.7
10,107.8
10,108.0
10,108.3
10,108.4
10,108.7
10,108.8
10,109.0
10,109.1
10,109.2
10,109.3
10,109.5
10,109.8
10,110.1
10,110.5
10,110.9
10,111.0
10,111.5
10,112.5
10,112.9
10,113.2
10,113.5
10,113.9
10,114.2
10,114.3
10,114.5
10,114.9
10,115.1
10,115.2
10,115.6
10,116.0
10,116.1
10,116.2
10,116.3
10,116.7
10,117.0
10,117.4
10,117.7
10,117.8
10,117.9
10,118.6
10,119.4
10,119.5
10,119.6
10,119.7
10,119.9
10,120.1
10,120.6
10,122.0
10,122.6
10,122.8
10,123.3
10,123.8
10,124.0
10,124.2
10,124.6
10,124.9
10,125.0
10,125.7
10,125.8
10,127.4
10,127.7
10,127.8
10,128.4
10,128.9
10,130.1
10,131.3
10,133.6
10,137.6
10,139.6
10,141.9
10,142.3
10,142.6
10,147.5
10,147.8
10,148.5
10,152.0
10,158.8
10,163.8
10,175.9
11,21.7
11,22.5
11,22.7
11,22.8
11,23.1
11,23.2
11,23.3
11,23.8
11,24.4
11,24.8
11,25.5
11,25.6
11,26.0
11,26.2
11,26.6
11,27.2
11,27.4
11,27.5
11,27.9
11,28.8
11,29.0
11,29.1
11,29.8
11,29.9
11,30.1
11,30.3
11,30.5
11,30.7
11,30.8
11,30.9
11,31.0
11,31.1
11,31.2
11,31.4
11,31.9
11,32.0
11,32.1
11,32.2
11,32.3
11,32.4
11,32.5
11,32.6
11,32.7
11,32.9
11,33.1
11,33.2
11,33.3
11,33.5
11,33.7
11,33.8
11,34.0
11,34.2
11,34.3
11,34.5
11,34.6
11,34.7
11,34.8
11,34.9
11,35.2
11,35.4
11,35.6
11,35.9
11,36.0
11,36.1
11,36.2
11,36.3
11,36.4
11,36.5
11,36.6
11,36.7
11,36.8
11,36.9
11,37.0
11,37.1
11,37.2
11,37.5
11,37.6
11,37.7
11,37.8
11,37.9
11,38.0
11,38.1
11,38.3
11,38.4
11,38.5
11,38.6
11,38.7
11,38.8
11,38.9
11,39.0
11,39.2
11,39.4
11,39.5
11,39.7
11,39.8
11,40.0
11,40.2
11,40.3
11,40.4
11,40.6
11,40.7
11,41.1
11,41.4
11,41.5
11,41.6
11,41.7
11,41.8
11,42.2
11,42.3
11,42.5
11,42.7
11,42.8
11,43.0
11,43.1
11,43.2
11,43.3
11,43.6
11,43.7
11,43.8
11,43.9
11,44.1
11,44.4
11,44.7
11,44.9
11,45.3
11,45.4
11,45.6
11,45.7
11,45.8
11,45.9
11,46.0
11,46.1
11,46.3
11,46.5
11,46.6
11,46.7
11,46.8
11,46.9
11,47.0
11,47.3
11,47.5
11,47.6
11,47.7
11,47.8
11,48.0
11,48.1
11,48.2
11,48.3
11,48.7
11,48.9
11,49.0
11,49.1
11,49.3
11,49.4
11,49.5
11,49.6
11,49.8
11,49.9
11,50.0
11,50.1
11,50.2
11,50.3
11,50.4
11,50.5
11,50.6
11,50.7
11,50.8
11,50.9
11,51.0
11,51.1
11,51.2
11,51.5
11,51.6
11,51.8
11,51.9
11,52.0
11,52.1
11,52.3
11,52.4
11,52.5
11,52.7
11,52.9
11,53.0
11,53.1
11,53.2
11,53.3
11,53.4
11,53.5
11,53.6
11,53.7
11,53.8
11,53.9
11,54.0
11,54.1
11,54.2
11,54.4
11,54.5
11,54.6
11,54.7
11,54.8
11,54.9
11,55.0
11,55.1
11,55.2
11,55.3
11,55.4
11,55.5
11,55.6
11,55.7
11,55.8
11,55.9
11,56.0
11,56.1
11,56.2
11,56.3
11,56.4
11,56.6
11,56.7
11,56.8
11,57.0
11,57.1
11,57.2
11,57.5
11,57.9
11,58.0
11,58.2
11,58.3
11,58.4
11,58.5
11,58.6
11,58.7
11,58.8
11,58.9
11,59.0
11,59.1
11,59.2
11,59.3
11,59.4
11,59.5
11,59.6
11,59.8
11,59.9
11,60.0
11,60.1
11,60.2
11,60.3
11,60.4
11,60.8
11,60.9
11,61.0
11,61.1
11,61.2
11,61.3
11,61.4
11,61.7
11,61.8
11,61.9
11,62.0
11,62.1
11,62.2
11,62.3
11,62.4
11,62.5
11,62.6
11,62.7
11,62.8
11,63.0
11,63.1
11,63.2
11,63.3
11,63.4
11,63.5
11,63.6
11,63.8
11,63.9
11,64.0
11,64.3
11,64.4
11,64.8
11,65.1
11,65.2
11,65.6
11,65.8
11,65.9
11,66.1
11,66.2
11,66.3
11,66.5
11,66.6
11,66.9
11,67.0
11,67.1
11,67.3
11,67.5
11,67.6
11,68.3
11,68.4
11,68.7
11,69.1
11,69.3
11,69.5
11,69.7
11,69.8
11,70.0
11,70.6
11,70.7
11,70.8
11,70.9
11,71.0
11,71.2
11,71.3
11,72.1
11,72.3
11,72.6
11,72.8
11,72.9
11,73.1
11,73.2
11,73.3
11,73.4
11,73.5
11,73.6
11,73.8
11,73.9
11,74.4
11,74.5
11,74.9
11,75.1
11,75.2
11,75.3
11,75.4
11,75.6
11,75.9
11,76.0
11,76.5
11,76.8
11,77.1
11,77.2
11,77.3
11,77.4
11,77.5
11,77.6
11,77.9
11,78.2
11,78.4
11,78.6
11,78.7
11,78.8
11,79.0
11,79.1
11,79.2
11,79.4
11,80.2
11,80.3
11,80.5
11,80.6
11,80.8
11,80.9
11,81.0
11,81.1
11,81.2
11,81.3
11,81.5
11,81.6
11,81.8
11,81.9
11,82.0
11,82.1
11,82.3
11,82.4
11,82.6
11,82.8
11,82.9
11,83.1
11,83.2
11,83.4
11,83.6
11,83.7
11,83.9
11,84.0
11,84.1
11,84.2
11,84.6
11,84.7
11,84.9
11,85.0
11,85.2
11,85.3
11,85.4
11,85.5
11,85.6
11,85.7
11,85.9
11,86.0
11,86.3
11,86.4
11,86.5
11,86.6
11,86.7
11,86.8
11,87.0
11,87.1
11,87.3
11,87.4
11,87.5
11,87.6
11,87.7
11,87.8
11,87.9
11,88.0
11,88.1
11,88.2
11,88.4
11,88.8
11,88.9
11,89.0
11,89.2
11,89.3
11,89.4
11,89.8
11,89.9
11,90.2
11,90.3
11,90.4
11,90.6
11,90.7
11,90.9
11,91.0
11,91.1
11,91.2
11,91.3
11,91.5
11,91.6
11,91.7
11,91.8
11,92.0
11,92.2
11,92.4
11,92.5
11,92.6
11,92.7
11,92.8
11,92.9
11,93.0
11,93.1
11,93.2
11,93.3
11,93.4
11,93.7
11,93.8
11,93.9
11,94.0
11,94.1
11,94.2
11,94.3
11,94.5
11,94.6
11,94.8
11,94.9
11,95.0
11,95.2
11,95.3
11,95.5
11,95.6
11,95.7
11,95.8
11,95.9
11,96.0
11,96.1
11,96.2
11,96.3
11,96.4
11,96.5
11,96.6
11,96.7
11,96.8
11,96.9
11,97.0
11,97.2
11,97.3
11,97.4
11,97.5
11,97.6
11,97.7
11,97.8
11,97.9
11,98.0
11,98.1
11,98.2
11,98.4
11,98.5
11,98.6
11,98.7
11,98.8
11,98.9
11,99.0
11,99.1
11,99.2
11,99.3
11,99.4
11,99.5
11,99.6
11,99.7
11,99.8
11,99.9
11,100.0
11,100.1
11,100.2
11,100.3
11,100.4
11,100.5
11,100.6
11,100.7
11,100.8
11,100.9
11,101.0
11,101.1
11,101.2
11,101.3
11,101.4
11,101.5
11,101.6
11,101.7
11,101.8
11,101.9
11,102.0
11,102.2
11,102.3
11,102.5
11,102.6
11,102.9
11,103.0
11,103.1
11,103.2
11,103.3
11,103.4
11,103.5
11,103.6
11,103.8
11,103.9
11,104.0
11,104.1
11,104.2
11,104.4
11,104.5
11,104.6
11,104.7
11,104.8
11,105.0
11,105.1
11,105.3
11,105.6
11,105.8
11,105.9
11,106.0
11,106.2
11,106.4
11,106.5
11,106.7
11,106.8
11,107.0
11,107.2
11,107.4
11,107.5
11,107.6
11,107.8
11,107.9
11,108.0
11,108.4
11,108.6
11,108.7
11,108.8
11,108.9
11,109.1
11,109.5
11,109.7
11,110.1
11,110.2
11,110.7
11,111.0
11,111.1
11,111.3
11,111.5
11,111.7
11,111.8
11,112.0
11,112.8
11,112.9
11,113.1
11,113.4
11,114.1
11,114.2
11,114.3
11,114.4
11,114.7
11,115.6
11,115.7
11,115.8
11,116.0
11,116.1
11,116.7
11,117.3
11,117.4
11,117.5
11,117.8
11,118.1
11,118.3
11,119.2
11,119.3
11,119.5
11,119.7
11,119.9
11,120.1
11,120.5
11,121.1
11,121.3
11,121.4
11,122.0
11,122.6
11,123.8
11,123.9
11,124.0
11,124.2
11,124.6
11,124.7
11,125.0
11,125.5
11,126.1
11,127.3
11,127.7
11,128.2
11,129.7
11,130.1
11,134.1
11,134.8
11,138.9
11,141.4
11,142.6
11,143.5
11,143.8
11,147.5
11,147.8
11,151.3
11,158.8
11,164.1
11,175.1
12,21.7
12,22.3
12,22.5
12,22.6
12,23.2
12,23.3
12,23.9
12,24.3
12,24.8
12,25.3
12,25.5
12,25.7
12,26.0
12,26.2
12,26.6
12,27.2
12,27.5
12,27.6
12,27.9
12,28.8
12,29.1
12,29.4
12,29.8
12,30.0
12,30.1
12,30.5
12,30.6
12,30.7
12,30.8
12,31.2
12,31.3
12,31.4
12,31.5
12,31.6
12,31.9
12,32.0
12,32.1
12,32.2
12,32.3
12,32.4
12,32.5
12,32.6
12,32.7
12,32.8
12,32.9
12,33.1
12,33.2
12,33.3
12,33.5
12,33.7
12,33.8
12,34.0
12,34.2
12,34.3
12,34.4
12,34.5
12,34.6
12,34.7
12,34.8
12,35.0
12,35.1
12,35.3
12,35.4
12,35.6
12,35.9
12,36.0
12,36.1
12,36.2
12,36.3
12,36.5
12,36.6
12,36.7
12,36.8
12,37.1
12,37.2
12,37.6
12,37.7
12,37.8
12,37.9
12,38.0
12,38.2
12,38.3
12,38.4
12,38.5
12,38.6
12,38.7
12,38.8
12,38.9
12,39.0
12,39.3
12,39.4
12,39.5
12,39.6
12,39.7
12,39.8
12,39.9
12,40.0
12,40.2
12,40.3
12,40.4
12,40.8
12,41.0
12,41.1
12,41.4
12,41.6
12,41.7
12,41.8
12,41.9
12,42.0
12,42.1
12,42.2
12,42.3
12,42.4
12,42.6
12,42.9
12,43.0
12,43.1
12,43.2
12,43.3
12,43.4
12,43.6
12,43.8
12,43.9
12,44.0
12,44.4
12,44.5
12,44.7
12,45.0
12,45.4
12,45.6
12,45.7
12,45.8
12,45.9
12,46.1
12,46.2
12,46.3
12,46.6
12,46.7
12,46.8
12,47.0
12,47.2
12,47.4
12,47.5
12,47.7
12,47.8
12,47.9
12,48.1
12,48.2
12,48.4
12,48.9
12,49.0
12,49.1
12,49.3
12,49.5
12,49.6
12,49.8
12,49.9
12,50.0
12,50.1
12,50.2
12,50.5
12,50.6
12,50.7
12,50.9
12,51.0
12,51.5
12,51.9
12,52.0
12,52.1
12,52.4
12,52.6
12,52.9
12,53.0
12,53.2
12,53.3
12,53.4
12,53.5
12,53.6
12,53.7
12,53.8
12,53.9
12,54.0
12,54.1
12,54.2
12,54.3
12,54.4
12,54.5
12,54.6
12,54.7
12,54.8
12,54.9
12,55.0
12,55.1
12,55.2
12,55.3
12,55.4
12,55.5
12,55.6
12,55.7
12,55.8
12,55.9
12,56.0
12,56.1
12,56.2
12,56.3
12,56.4
12,56.5
12,56.6
12,56.7
12,56.8
12,56.9
12,57.0
12,57.1
12,57.2
12,57.4
12,57.5
12,57.8
12,57.9
12,58.0
12,58.2
12,58.3
12,58.4
12,58.5
12,58.6
12,58.7
12,58.8
12,58.9
12,59.0
12,59.1
12,59.2
12,59.3
12,59.4
12,59.5
12,59.6
12,59.7
12,59.8
12,60.0
12,60.2
12,60.3
12,60.4
12,60.5
12,60.8
12,60.9
12,61.0
12,61.1
12,61.3
12,61.4
12,61.5
12,61.6
12,61.7
12,61.8
12,61.9
12,62.0
12,62.1
12,62.4
12,62.5
12,62.6
12,62.7
12,62.8
12,62.9
12,63.0
12,63.2
12,63.3
12,63.5
12,63.6
12,63.8
12,63.9
12,64.0
12,64.1
12,64.2
12,64.3
12,64.4
12,64.6
12,64.7
12,64.9
12,65.2
12,65.3
12,65.5
12,65.8
12,66.0
12,66.2
12,66.3
12,66.5
12,66.6
12,66.9
12,67.0
12,67.1
12,67.3
12,67.4
12,67.6
12,67.8
12,67.9
12,68.1
12,68.4
12,68.7
12,69.1
12,69.2
12,69.3
12,69.9
12,70.0
12,70.6
12,70.7
12,70.9
12,71.1
12,71.3
12,71.5
12,72.1
12,72.6
12,72.8
12,73.2
12,73.4
12,73.5
12,73.6
12,73.8
12,73.9
12,74.1
12,74.4
12,74.5
12,74.9
12,75.0
12,75.1
12,75.2
12,75.4
12,75.6
12,75.7
12,75.9
12,76.0
12,76.3
12,76.8
12,77.1
12,77.2
12,77.3
12,77.4
12,77.7
12,77.8
12,77.9
12,78.0
12,78.1
12,78.2
12,78.4
12,78.6
12,78.7
12,78.8
12,78.9
12,79.1
12,79.2
12,79.4
12,79.9
12,80.3
12,80.6
12,80.8
12,80.9
12,81.0
12,81.2
12,81.5
12,81.6
12,81.7
12,81.9
12,82.0
12,82.1
12,82.3
12,82.4
12,82.5
12,82.6
12,82.7
12,82.8
12,82.9
12,83.0
12,83.1
12,83.3
12,83.4
12,83.5
12,83.6
12,83.8
12,83.9
12,84.0
12,84.1
12,84.2
12,84.6
12,84.7
12,84.9
12,85.0
12,85.2
12,85.3
12,85.4
12,85.6
12,85.7
12,85.9
12,86.0
12,86.2
12,86.3
12,86.4
12,86.5
12,86.6
12,86.7
12,86.8
12,86.9
12,87.0
12,87.1
12,87.3
12,87.5
12,87.6
12,87.7
12,87.9
12,88.0
12,88.1
12,88.2
12,88.4
12,88.6
12,88.9
12,89.1
12,89.2
12,89.4
12,89.8
12,89.9
12,90.0
12,90.1
12,90.3
12,90.5
12,90.7
12,90.8
12,90.9
12,91.0
12,91.1
12,91.2
12,91.3
12,91.5
12,91.6
12,91.7
12,91.8
12,92.1
12,92.3
12,92.4
12,92.5
12,92.6
12,92.7
12,92.8
12,92.9
12,93.0
12,93.1
12,93.2
12,93.3
12,93.6
12,93.8
12,93.9
12,94.0
12,94.1
12,94.2
12,94.3
12,94.5
12,94.6
12,94.7
12,94.9
12,95.0
12,95.1
12,95.2
12,95.3
12,95.4
12,95.5
12,95.6
12,95.7
12,95.8
12,95.9
12,96.0
12,96.1
12,96.2
12,96.3
12,96.4
12,96.5
12,96.6
12,96.7
12,96.8
12,96.9
12,97.0
12,97.1
12,97.2
12,97.3
12,97.4
12,97.5
12,97.6
12,97.7
12,97.8
12,97.9
12,98.0
12,98.1
12,98.2
12,98.4
12,98.6
12,98.7
12,98.9
12,99.0
12,99.1
12,99.2
12,99.3
12,99.4
12,99.5
12,99.6
12,99.7
12,99.8
12,99.9
12,100.0
12,100.1
12,100.2
12,100.3
12,100.4
12,100.5
12,100.6
12,100.7
12,100.8
12,100.9
12,101.0
12,101.1
12,101.2
12,101.3
12,101.4
12,101.5
12,101.6
12,101.7
12,101.8
12,102.0
12,102.1
12,102.4
12,102.5
12,102.6
12,102.7
12,102.8
12,103.0
12,103.1
12,103.2
12,103.3
12,103.4
12,103.5
12,103.6
12,103.8
12,103.9
12,104.0
12,104.2
12,104.3
12,104.4
12,104.5
12,104.6
12,104.7
12,104.8
12,105.0
12,105.1
12,105.5
12,105.6
12,105.7
12,105.8
12,106.0
12,106.2
12,106.4
12,106.5
12,106.6
12,106.8
12,107.0
12,107.1
12,107.3
12,107.4
12,107.6
12,107.7
12,107.8
12,108.2
12,108.4
12,108.6
12,108.7
12,108.9
12,109.1
12,109.3
12,109.5
12,110.1
12,110.2
12,110.7
12,110.8
12,111.0
12,111.2
12,111.3
12,111.5
12,111.6
12,111.7
12,111.9
12,112.4
12,112.8
12,113.4
12,113.7
12,113.9
12,114.1
12,114.4
12,114.5
12,115.2
12,115.5
12,115.6
12,115.7
12,115.8
12,116.0
12,116.1
12,116.7
12,117.4
12,117.5
12,117.8
12,118.0
12,118.1
12,118.4
12,118.7
12,119.0
12,119.1
12,119.5
12,120.5
12,120.6
12,120.8
12,121.1
12,121.4
12,122.0
12,122.6
12,123.4
12,124.0
12,124.1
12,124.4
12,124.7
12,124.8
12,125.0
12,125.5
12,126.0
12,126.1
12,127.3
12,127.6
12,128.2
12,128.3
12,130.1
12,133.3
12,135.3
12,135.6
12,139.0
12,141.7
12,142.2
12,143.5
12,144.4
12,147.1
12,147.8
12,151.7
12,154.7
12,158.8
12,164.3
12,175.1
