,DATE,St_JOHNS,QUEBEC,OTTAWA,VICTORIA,REGINA,EDMONTON,HALIFAX,WINNIPEG
0,1981-01,37.5,34.9,30.8,206.8,20.7,36.5,,29.3
1,1981-02,37.5,35.4,30.8,209.1,21.2,36.8,,29.7
2,1981-03,37.5,35.4,31.9,210.6,21.5,36.8,,30.3
3,1981-04,37.5,35.7,32.0,210.6,22.4,36.9,,30.5
4,1981-05,37.7,36.1,32.7,212.4,23.1,38.2,,31.1
5,1981-06,37.7,36.1,33.5,210.6,23.1,38.4,,31.8
6,1981-07,37.7,36.2,33.5,206.2,23.1,38.4,,32.0
7,1981-08,37.8,36.6,33.9,206.2,23.3,38.8,,32.9
8,1981-09,37.8,36.6,33.9,200.8,23.3,38.8,,32.9
9,1981-10,37.8,36.6,33.9,200.6,23.3,38.8,,32.9
10,1981-11,38.5,36.8,35.2,198.5,23.3,39.1,,32.9
11,1981-12,38.5,36.8,35.2,204.2,23.3,39.1,,33.6
12,1982-01,38.0,37.3,36.0,204.2,23.3,39.3,,33.6
13,1982-02,38.0,37.8,36.2,193.1,23.5,39.7,,33.6
14,1982-03,38.0,37.8,36.1,184.9,23.5,39.3,,33.8
15,1982-04,37.3,37.9,36.3,180.1,23.5,38.8,,33.9
16,1982-05,37.3,38.0,36.3,181.6,23.5,36.9,,33.9
17,1982-06,37.3,38.1,36.3,179.9,23.5,36.6,,33.9
18,1982-07,37.3,38.1,36.3,181.1,23.5,36.5,,33.9
19,1982-08,37.3,38.5,36.3,182.7,23.5,36.2,,34.2
20,1982-09,37.3,38.9,36.3,186.7,23.5,36.0,,34.2
21,1982-10,37.3,38.9,37.0,186.7,23.5,35.7,,34.0
22,1982-11,37.3,39.0,37.2,185.3,23.3,35.2,,34.0
23,1982-12,37.3,39.1,37.3,184.5,23.3,35.1,,33.6
24,1983-01,37.3,39.5,37.3,185.5,23.3,36.4,,33.6
25,1983-02,37.3,39.8,37.8,185.5,23.6,35.7,,33.6
26,1983-03,37.3,39.8,38.2,183.2,23.6,35.7,,33.6
27,1983-04,37.3,40.1,38.8,183.2,23.6,35.6,,33.8
28,1983-05,37.3,40.8,38.8,183.2,23.8,35.4,,33.7
29,1983-06,36.8,41.2,38.8,186.5,23.8,35.4,,33.7
30,1983-07,36.8,41.4,38.8,187.3,23.8,35.3,,34.3
31,1983-08,38.2,42.0,40.0,187.3,24.0,35.6,,34.3
32,1983-09,38.2,42.0,40.1,189.1,24.0,35.6,,34.6
33,1983-10,38.2,42.1,41.2,187.8,24.0,35.6,,34.6
34,1983-11,38.2,42.2,41.7,187.8,24.0,35.9,,34.6
35,1983-12,38.1,42.2,41.8,185.8,24.0,36.0,,34.6
36,1984-01,38.1,42.2,41.9,185.2,24.3,35.2,,34.6
37,1984-02,38.0,42.5,42.9,185.3,24.3,35.1,,34.8
38,1984-03,38.1,42.5,43.0,187.6,24.3,34.9,,35.1
39,1984-04,38.1,42.6,44.0,187.6,24.1,34.9,,35.0
40,1984-05,38.3,42.8,44.1,186.5,23.5,34.1,47.4,35.1
41,1984-06,38.9,42.9,43.9,185.2,23.5,33.7,47.8,35.1
42,1984-07,38.9,43.1,43.3,182.1,23.3,33.1,47.9,35.1
43,1984-08,38.9,43.5,43.4,177.2,22.6,33.0,47.9,35.4
44,1984-09,38.9,43.7,42.6,175.8,22.7,33.0,47.9,35.4
45,1984-10,38.9,43.7,42.4,172.6,22.9,33.0,48.7,35.4
46,1984-11,38.9,43.7,42.5,175.0,22.9,32.0,48.9,35.4
47,1984-12,39.3,43.8,42.7,175.0,22.9,32.0,48.8,35.4
48,1985-01,38.9,44.1,43.0,175.2,22.8,32.2,49.4,35.9
49,1985-02,39.0,44.3,42.7,175.2,22.8,31.3,49.6,36.0
50,1985-03,39.0,44.6,42.8,174.7,23.0,31.2,49.6,36.5
51,1985-04,39.0,44.6,42.8,174.0,23.1,31.2,49.4,36.5
52,1985-05,39.0,44.7,42.1,169.9,23.1,31.3,49.4,36.5
53,1985-06,39.0,45.0,42.1,167.7,23.3,31.3,49.6,36.7
54,1985-07,39.0,45.1,41.7,165.5,23.3,31.4,49.6,36.8
55,1985-08,39.2,45.4,41.7,164.5,23.5,31.8,49.6,36.9
56,1985-09,39.2,45.4,42.1,165.2,23.5,31.9,49.8,37.2
57,1985-10,39.2,45.7,42.3,166.2,23.6,32.2,49.9,37.2
58,1985-11,39.2,46.0,42.3,165.8,23.6,32.3,50.5,37.2
59,1985-12,39.2,46.0,42.3,163.7,23.6,32.3,50.4,37.3
60,1986-01,39.4,40.3,42.5,160.3,23.6,33.4,50.2,37.7
61,1986-02,39.6,40.5,42.7,161.3,24.0,34.1,50.2,37.9
62,1986-03,39.6,40.8,42.7,161.9,24.0,34.2,50.2,38.1
63,1986-04,39.8,41.1,43.0,160.4,24.0,34.2,50.6,38.6
64,1986-05,40.0,41.2,43.1,160.4,24.1,34.3,50.1,38.7
65,1986-06,40.0,41.4,43.2,158.5,24.1,34.5,50.1,38.8
66,1986-07,40.2,41.6,43.4,157.0,24.1,34.5,50.1,38.8
67,1986-08,40.6,42.2,43.4,154.0,24.2,34.6,50.3,39.2
68,1986-09,40.6,42.8,43.6,152.6,24.3,34.7,50.5,39.3
69,1986-10,40.5,43.2,43.8,150.3,24.4,34.8,50.5,39.3
70,1986-11,40.6,43.9,44.0,146.8,24.7,34.8,50.9,39.5
71,1986-12,40.6,44.1,44.0,143.7,24.7,34.9,51.0,39.7
72,1987-01,40.6,44.8,44.5,143.7,24.7,34.9,51.0,39.7
73,1987-02,41.5,45.3,44.6,145.2,24.8,35.3,51.1,40.2
74,1987-03,41.7,46.2,44.7,146.5,24.8,35.4,51.1,40.4
75,1987-04,41.7,46.8,45.1,146.5,24.8,35.5,51.1,40.6
76,1987-05,41.8,47.2,45.5,146.5,24.8,35.5,51.9,40.4
77,1987-06,41.8,47.5,45.7,146.5,25.2,35.5,52.1,40.4
78,1987-07,42.0,47.7,45.8,147.5,25.1,35.7,52.1,40.4
79,1987-08,42.2,48.3,45.8,149.6,25.1,36.0,52.2,40.4
80,1987-09,42.2,48.8,45.9,149.3,25.1,36.2,52.5,40.7
81,1987-10,42.2,49.0,46.2,150.3,25.1,36.4,52.5,40.6
82,1987-11,42.3,49.4,46.3,150.8,25.2,36.3,52.7,40.6
83,1987-12,42.3,49.6,46.4,150.8,25.2,36.4,52.7,40.6
84,1988-01,42.3,50.1,46.5,155.5,25.2,36.6,52.7,40.6
85,1988-02,42.3,50.3,47.1,154.5,25.2,36.6,53.3,40.8
86,1988-03,42.3,50.8,47.1,154.7,25.3,36.9,53.5,40.7
87,1988-04,42.3,51.1,47.6,155.2,25.4,37.0,53.5,40.7
88,1988-05,42.6,51.6,47.9,155.5,25.5,37.1,53.7,40.5
89,1988-06,42.6,51.6,47.9,155.5,25.3,37.1,53.7,40.5
90,1988-07,42.6,51.6,47.9,156.3,25.3,37.2,53.7,40.5
91,1988-08,43.2,51.9,48.0,156.3,25.3,37.3,53.7,40.5
92,1988-09,43.4,52.1,48.2,158.5,25.3,37.3,54.4,40.6
93,1988-10,43.7,52.3,48.2,157.7,25.3,37.3,54.4,40.6
94,1988-11,43.9,52.4,48.5,157.7,25.2,37.6,54.5,40.5
95,1988-12,43.9,52.6,48.7,159.5,25.2,37.6,54.5,40.3
96,1989-01,44.0,52.6,49.0,164.2,25.2,37.7,54.7,40.2
97,1989-02,45.1,52.7,49.4,165.5,25.3,38.2,54.8,40.1
98,1989-03,45.2,53.0,49.5,167.5,25.3,38.4,54.8,40.0
99,1989-04,45.2,53.0,49.6,168.3,25.2,38.4,54.8,39.9
100,1989-05,45.6,53.5,49.8,167.7,25.4,38.6,54.6,39.9
101,1989-06,45.6,53.6,50.4,167.0,25.4,38.8,54.5,39.9
102,1989-07,45.6,53.5,50.4,167.5,25.6,38.9,54.5,39.9
103,1989-08,45.6,53.6,50.1,167.8,25.6,39.1,54.5,40.1
104,1989-09,47.1,53.8,50.0,167.5,25.8,39.4,54.5,40.3
105,1989-10,47.1,53.9,50.5,170.9,25.8,40.0,54.5,40.4
106,1989-11,47.1,54.2,50.8,171.6,25.8,40.5,54.5,40.4
107,1989-12,47.1,54.2,51.2,172.2,25.8,41.4,54.5,40.4
108,1990-01,46.7,54.3,51.5,182.1,25.7,42.4,54.5,40.4
109,1990-02,46.7,54.5,51.6,184.4,26.0,43.8,54.7,40.6
110,1990-03,46.6,54.6,51.7,184.4,26.0,45.2,54.7,41.1
111,1990-04,46.6,54.7,51.7,182.6,26.0,45.3,54.7,41.2
112,1990-05,46.6,54.8,51.6,176.7,26.0,45.3,54.7,41.2
113,1990-06,46.6,54.8,51.5,176.3,26.0,45.3,54.7,41.4
114,1990-07,46.6,54.8,50.8,173.9,26.0,45.3,54.8,41.4
115,1990-08,46.6,54.8,50.7,169.3,26.1,45.3,54.8,41.4
116,1990-09,46.8,55.0,50.6,167.2,26.2,45.3,54.8,41.4
117,1990-10,46.8,54.9,50.6,166.5,26.2,45.5,54.8,41.4
118,1990-11,46.8,54.9,51.0,165.4,26.2,45.5,54.5,41.4
119,1990-12,46.8,54.9,51.6,166.0,26.2,45.5,54.5,41.3
120,1991-01,46.8,54.7,52.0,165.7,26.4,45.7,54.5,41.2
121,1991-02,50.4,55.0,51.9,166.3,26.5,45.1,54.3,41.3
122,1991-03,51.0,55.5,51.5,168.0,26.9,45.2,54.3,41.3
123,1991-04,50.9,54.8,51.4,167.8,26.7,45.0,54.3,41.1
124,1991-05,50.8,54.9,51.2,167.8,26.7,44.9,54.3,41.2
125,1991-06,50.8,55.0,50.9,166.3,26.5,45.2,54.3,41.4
126,1991-07,50.8,54.9,50.8,165.7,26.7,45.1,54.3,41.3
127,1991-08,50.8,54.8,50.7,165.0,26.9,45.2,54.3,41.3
128,1991-09,50.8,55.0,50.9,165.7,26.9,45.2,54.3,41.1
129,1991-10,50.8,55.1,51.0,162.9,27.0,45.2,54.3,41.0
130,1991-11,50.8,54.8,50.7,162.4,27.3,45.2,54.2,41.2
131,1991-12,50.8,54.8,51.0,160.3,27.3,45.3,54.4,41.2
132,1992-01,50.9,54.7,51.1,161.8,27.2,44.4,54.4,40.5
133,1992-02,50.9,54.5,51.1,161.6,27.3,44.4,54.4,40.6
134,1992-03,51.1,54.6,51.0,162.6,27.3,45.3,54.4,40.7
135,1992-04,51.1,54.7,51.1,164.4,27.4,45.0,54.5,40.9
136,1992-05,51.1,54.7,51.1,166.0,28.0,45.5,55.1,41.0
137,1992-06,51.1,54.7,51.5,165.8,28.0,45.5,55.1,41.1
138,1992-07,51.1,54.7,51.6,165.5,28.1,45.5,55.0,41.1
139,1992-08,51.2,54.5,51.5,165.5,28.1,45.7,54.9,41.1
140,1992-09,51.2,54.5,51.5,164.7,28.3,45.7,54.9,41.2
141,1992-10,51.2,54.5,51.5,163.7,28.3,46.0,54.9,41.2
142,1992-11,51.2,54.5,51.4,162.7,28.6,45.9,54.9,41.2
143,1992-12,51.2,54.4,51.4,161.9,28.6,45.9,54.9,41.2
144,1993-01,51.2,54.3,50.8,162.2,28.8,45.9,54.9,41.5
145,1993-02,51.2,54.4,50.8,162.4,29.4,47.0,54.9,42.2
146,1993-03,51.2,54.5,51.0,162.7,29.5,47.9,56.2,43.1
147,1993-04,51.2,54.9,51.4,161.8,29.7,48.0,56.2,43.1
148,1993-05,51.2,54.9,51.2,162.4,29.7,48.1,56.7,43.0
149,1993-06,51.2,55.0,50.8,161.3,29.6,47.7,56.6,43.0
150,1993-07,51.1,55.0,50.8,160.9,29.6,47.7,56.6,43.0
151,1993-08,51.2,55.1,50.8,161.4,29.6,47.5,56.6,43.0
152,1993-09,51.2,55.1,51.1,159.9,29.7,47.7,56.6,42.9
153,1993-10,50.6,55.1,51.2,156.5,30.0,47.9,56.8,42.7
154,1993-11,51.4,55.2,51.2,156.2,30.3,47.9,57.1,43.1
155,1993-12,51.4,55.2,51.2,155.2,30.4,48.0,57.1,43.1
156,1994-01,51.4,55.0,51.3,155.5,31.0,48.6,57.1,43.6
157,1994-02,51.4,54.9,51.2,156.7,31.0,48.6,57.1,43.8
158,1994-03,51.1,54.9,51.0,156.7,31.1,48.6,57.1,44.5
159,1994-04,51.7,54.8,51.3,154.7,31.1,48.6,57.1,44.5
160,1994-05,52.0,55.1,51.3,153.4,31.2,48.3,57.6,44.6
161,1994-06,51.6,54.9,51.2,152.1,31.2,48.3,57.6,44.6
162,1994-07,51.4,54.9,51.2,152.6,31.2,48.1,57.9,44.7
163,1994-08,51.7,54.9,51.6,152.6,31.3,48.1,58.7,44.7
164,1994-09,51.7,55.2,51.6,150.6,31.3,48.1,58.7,44.8
165,1994-10,51.7,55.2,51.3,149.1,31.3,48.2,58.9,44.8
166,1994-11,51.8,55.5,51.4,150.1,31.3,47.9,59.1,44.9
167,1994-12,51.8,55.5,51.4,146.2,31.3,48.0,59.3,44.9
168,1995-01,51.8,55.5,51.3,146.8,31.4,48.0,59.3,45.0
169,1995-02,52.1,55.8,50.7,146.0,32.0,46.8,59.4,45.0
170,1995-03,52.1,55.8,50.5,145.5,32.4,48.0,59.5,45.3
171,1995-04,51.9,55.8,50.7,145.2,32.5,48.1,59.5,45.3
172,1995-05,51.9,55.7,50.1,142.7,32.5,48.1,59.7,45.4
173,1995-06,51.9,55.9,49.9,140.9,32.5,47.9,59.7,45.5
174,1995-07,51.9,55.9,50.0,141.1,32.6,47.9,59.7,45.5
175,1995-08,51.1,55.9,49.9,139.6,32.6,47.7,60.1,45.5
176,1995-09,51.2,55.8,49.9,138.8,32.6,48.0,60.1,45.5
177,1995-10,51.2,55.7,49.9,136.7,32.6,48.0,60.1,45.5
178,1995-11,51.3,55.6,49.3,134.5,32.6,48.1,60.3,45.5
179,1995-12,51.3,55.6,49.3,132.4,32.6,48.1,60.3,45.5
180,1996-01,51.3,55.5,49.3,132.6,32.7,48.1,60.3,45.4
181,1996-02,51.1,55.5,49.3,131.8,32.7,48.0,60.2,45.5
182,1996-03,50.9,55.5,49.5,131.4,32.7,48.2,60.0,45.5
183,1996-04,50.9,55.3,49.0,130.8,32.7,48.2,60.1,45.5
184,1996-05,50.7,55.4,49.3,129.6,33.0,48.0,60.3,45.6
185,1996-06,50.7,55.7,49.1,127.8,33.0,48.0,60.6,45.7
186,1996-07,50.7,55.7,48.9,127.7,33.1,48.0,60.7,45.7
187,1996-08,50.7,55.7,49.0,130.4,33.1,47.8,60.6,45.7
188,1996-09,50.7,55.8,49.1,130.4,33.4,48.0,60.6,45.7
189,1996-10,50.7,55.8,49.4,129.5,33.4,48.0,60.4,45.9
190,1996-11,50.6,55.7,49.9,128.5,33.5,48.0,60.4,45.9
191,1996-12,50.6,55.8,49.9,126.5,33.5,48.1,60.4,46.3
192,1997-01,50.6,55.9,50.2,127.2,33.5,48.5,60.0,46.3
193,1997-02,50.6,56.0,49.8,127.3,33.6,48.8,60.1,46.3
194,1997-03,50.6,56.0,49.8,127.3,33.7,48.8,60.1,46.6
195,1997-04,49.3,55.7,50.1,126.5,33.8,48.9,59.1,46.6
196,1997-05,49.8,55.3,50.0,125.5,34.7,49.0,58.2,46.6
197,1997-06,49.6,55.4,50.0,126.4,34.8,49.1,58.3,46.8
198,1997-07,49.6,55.4,50.1,126.4,34.9,49.1,58.3,46.8
199,1997-08,49.3,55.6,50.1,126.0,34.9,49.4,59.2,46.8
200,1997-09,49.3,55.7,50.0,124.2,34.9,49.4,59.0,47.0
201,1997-10,49.3,55.7,49.9,123.6,35.0,49.8,58.8,47.0
202,1997-11,49.2,55.7,50.0,122.9,35.4,49.8,58.9,47.0
203,1997-12,49.3,55.7,50.1,123.2,35.4,50.0,58.9,47.0
204,1998-01,49.3,55.7,49.9,121.8,35.7,50.5,58.8,47.0
205,1998-02,49.3,55.9,50.0,120.3,35.9,50.5,58.8,47.1
206,1998-03,49.3,55.9,50.1,119.1,35.9,50.8,58.8,47.1
207,1998-04,49.1,55.9,50.0,117.3,36.0,51.0,60.0,47.1
208,1998-05,48.8,55.8,50.0,114.9,36.1,51.3,60.5,47.1
209,1998-06,48.7,55.8,50.1,113.1,36.1,51.3,60.5,47.2
210,1998-07,48.7,55.8,50.4,113.2,36.2,51.4,59.6,47.2
211,1998-08,48.7,55.9,50.4,113.4,36.5,51.3,59.8,47.2
212,1998-09,48.7,55.8,50.5,112.3,36.8,51.4,59.8,47.2
213,1998-10,48.7,56.0,50.6,112.4,36.8,51.5,59.9,47.2
214,1998-11,48.6,55.9,50.7,111.8,36.8,51.6,59.9,47.3
215,1998-12,48.3,55.9,50.5,112.3,36.8,51.6,59.9,47.3
216,1999-01,48.9,56.1,50.3,111.9,37.2,51.7,60.8,47.3
217,1999-02,48.9,56.5,50.5,110.9,37.4,51.7,60.8,47.3
218,1999-03,48.9,56.8,50.9,109.8,37.4,51.8,60.8,47.3
219,1999-04,48.9,56.9,51.1,110.0,37.5,51.7,60.8,47.4
220,1999-05,48.9,57.0,50.9,109.5,37.7,51.8,60.9,47.4
221,1999-06,48.9,57.1,51.3,109.6,37.7,51.8,61.4,47.8
222,1999-07,48.9,57.1,52.0,109.3,37.7,52.1,61.9,47.9
223,1999-08,49.5,57.5,52.5,107.7,38.0,52.6,62.4,48.6
224,1999-09,49.5,57.5,52.8,105.7,38.1,52.7,62.4,49.1
225,1999-10,49.6,57.8,53.0,104.7,38.0,52.7,62.8,49.1
226,1999-11,48.7,58.0,53.2,103.7,38.3,53.0,63.1,49.1
227,1999-12,48.7,58.0,53.5,103.2,38.4,53.0,63.1,49.3
228,2000-01,48.9,58.2,53.3,102.4,38.4,53.2,63.1,49.3
229,2000-02,49.7,58.3,53.9,102.3,38.5,53.2,63.4,49.3
230,2000-03,49.8,58.5,53.8,101.3,38.6,53.4,63.4,49.3
231,2000-04,49.8,58.8,54.0,101.3,38.7,53.4,64.3,49.3
232,2000-05,50.5,59.1,54.3,101.4,38.8,53.7,64.3,49.4
233,2000-06,50.6,59.0,54.7,101.4,38.8,53.8,64.3,50.3
234,2000-07,51.1,59.0,55.8,101.1,38.8,53.8,64.4,50.3
235,2000-08,51.2,59.8,56.9,101.1,38.8,53.9,64.4,50.3
236,2000-09,51.1,60.2,58.5,101.3,38.8,53.5,64.1,50.3
237,2000-10,51.1,60.3,59.2,100.8,38.8,53.5,64.5,50.3
238,2000-11,51.1,60.6,60.7,101.9,38.8,53.5,65.3,50.5
239,2000-12,51.1,60.6,61.6,102.4,38.8,53.5,65.3,50.5
240,2001-01,51.1,61.1,62.4,102.1,39.0,53.5,65.7,50.5
241,2001-02,51.1,61.5,62.9,102.6,39.0,53.5,65.7,50.5
242,2001-03,51.1,61.8,63.2,102.8,39.0,53.6,65.7,51.1
243,2001-04,51.1,61.9,63.6,102.8,40.0,53.9,65.7,51.1
244,2001-05,51.3,62.2,64.1,102.9,40.0,53.9,65.8,51.1
245,2001-06,51.0,62.6,64.1,102.9,40.0,54.1,65.8,51.1
246,2001-07,52.5,62.6,64.5,103.1,40.0,54.5,65.8,51.1
247,2001-08,52.5,62.7,64.6,103.1,40.0,54.7,66.4,51.1
248,2001-09,52.5,63.0,64.6,102.9,40.0,54.8,66.4,51.2
249,2001-10,52.5,63.1,65.1,103.1,40.0,54.9,66.8,51.2
250,2001-11,52.5,63.2,65.2,103.2,40.0,55.2,67.1,51.5
251,2001-12,52.5,63.2,66.0,103.2,40.0,55.4,67.1,51.5
252,2002-01,52.2,63.5,67.1,103.2,40.0,55.8,67.6,51.6
253,2002-02,52.9,63.8,67.5,103.6,40.3,56.9,67.6,51.7
254,2002-03,53.1,64.3,68.0,103.6,40.3,57.7,67.6,52.0
255,2002-04,52.9,65.1,70.0,103.4,40.3,58.1,68.4,52.2
256,2002-05,53.4,65.5,70.6,108.5,40.3,58.9,68.5,52.2
257,2002-06,53.7,65.6,70.8,108.8,40.3,59.5,68.5,52.5
258,2002-07,53.9,65.6,70.7,109.6,41.0,59.8,68.7,52.6
259,2002-08,54.0,66.3,71.4,109.6,41.2,60.0,68.7,52.6
260,2002-09,54.7,66.6,71.4,109.6,41.2,60.3,68.8,53.3
261,2002-10,54.9,67.1,72.5,111.1,41.3,60.4,68.8,53.3
262,2002-11,54.7,68.7,72.5,111.3,41.7,61.3,69.2,53.6
263,2002-12,54.9,68.7,72.5,111.6,41.7,61.4,69.2,53.6
264,2003-01,55.1,69.6,72.5,111.6,41.7,61.8,69.9,53.6
265,2003-02,55.4,70.5,72.8,111.6,42.2,62.3,69.9,54.0
266,2003-03,55.4,70.0,72.6,112.8,42.3,62.4,69.9,54.2
267,2003-04,55.8,70.2,72.7,114.2,42.3,62.4,71.5,54.2
268,2003-05,55.9,70.4,72.8,114.7,42.3,62.4,71.8,54.2
269,2003-06,56.1,70.6,73.2,115.6,42.8,62.5,71.8,54.6
270,2003-07,56.1,70.6,73.2,117.1,43.2,62.5,71.8,54.6
271,2003-08,56.4,71.4,73.3,117.8,43.6,62.6,71.8,54.6
272,2003-09,57.3,72.0,73.9,119.0,43.8,63.7,71.8,55.0
273,2003-10,57.2,72.5,74.6,119.1,44.3,64.3,71.8,55.0
274,2003-11,57.2,73.1,75.1,120.1,44.3,64.4,71.8,55.2
275,2003-12,57.5,73.2,75.3,120.4,44.7,64.4,72.6,55.8
276,2004-01,57.4,73.4,75.6,120.5,44.7,64.6,72.6,55.8
277,2004-02,57.6,73.9,76.4,120.7,45.3,64.4,72.6,55.8
278,2004-03,57.8,74.3,77.1,122.7,45.6,64.6,72.6,56.8
279,2004-04,58.1,75.1,77.7,124.2,46.1,64.9,72.6,57.1
280,2004-05,58.9,75.5,78.0,125.5,46.4,65.2,73.2,57.5
281,2004-06,59.4,75.6,78.8,126.4,46.9,65.8,73.2,59.3
282,2004-07,59.8,75.6,78.8,126.9,47.0,66.0,73.2,59.3
283,2004-08,60.4,76.3,79.2,128.2,47.2,66.0,73.2,59.3
284,2004-09,60.7,76.8,79.2,128.7,47.8,66.2,73.2,59.6
285,2004-10,60.7,77.2,79.8,128.2,48.0,66.8,73.2,59.6
286,2004-11,61.2,77.6,79.8,128.2,48.0,66.9,73.2,59.6
287,2004-12,61.2,77.6,80.2,129.1,48.0,67.0,73.2,60.1
288,2005-01,61.7,78.1,80.7,129.3,48.0,67.0,73.2,61.1
289,2005-02,62.0,78.4,80.9,131.0,49.3,67.7,73.2,61.1
290,2005-03,62.1,78.9,81.2,132.1,49.3,68.1,73.2,61.6
291,2005-04,62.0,79.1,81.1,132.0,49.3,68.2,73.2,61.6
292,2005-05,63.0,79.2,81.5,131.5,49.9,68.4,73.2,61.7
293,2005-06,63.0,79.3,81.8,132.3,49.9,69.3,73.2,63.2
294,2005-07,63.0,79.3,82.9,132.5,49.9,69.7,73.3,63.2
295,2005-08,63.1,79.6,82.9,136.8,49.9,70.0,76.7,63.5
296,2005-09,63.6,80.0,83.2,137.6,49.9,70.7,77.9,63.7
297,2005-10,64.0,80.3,84.0,137.6,50.3,71.2,77.9,63.8
298,2005-11,64.0,80.6,83.6,138.1,50.3,71.7,77.9,63.9
299,2005-12,64.1,80.5,83.6,136.0,50.3,72.8,77.9,64.5
300,2006-01,64.1,80.8,83.8,135.6,52.4,75.0,77.9,64.6
301,2006-02,64.4,81.2,83.8,135.6,52.4,76.0,77.9,65.0
302,2006-03,64.3,81.4,83.9,136.6,52.4,77.4,77.9,65.5
303,2006-04,64.3,82.0,84.3,136.3,52.7,79.7,77.9,65.7
304,2006-05,64.5,82.4,84.9,134.3,52.8,83.5,77.9,66.6
305,2006-06,64.5,82.6,84.8,134.6,53.6,88.0,78.0,67.0
306,2006-07,66.5,82.6,85.6,132.5,54.5,89.1,78.3,67.5
307,2006-08,66.4,83.0,86.2,133.6,54.5,93.2,78.3,67.7
308,2006-09,66.1,83.2,86.3,133.7,54.5,95.9,78.3,68.3
309,2006-10,66.1,83.4,86.4,132.4,54.6,97.7,78.3,68.6
310,2006-11,66.6,83.8,86.8,132.4,55.9,99.3,78.8,68.7
311,2006-12,66.7,83.8,86.8,131.7,57.3,99.5,78.8,69.1
312,2007-01,66.7,84.2,86.6,131.5,57.3,101.1,78.8,69.4
313,2007-02,66.7,85.1,86.6,130.8,60.5,104.0,78.8,70.0
314,2007-03,66.9,85.2,86.8,132.0,61.7,104.0,78.8,70.6
315,2007-04,66.9,85.2,86.8,130.8,62.2,107.0,80.1,70.8
316,2007-05,67.7,85.7,86.9,124.6,65.3,111.1,84.1,71.5
317,2007-06,67.7,85.8,87.0,125.4,66.7,111.1,84.1,71.9
318,2007-07,68.4,85.8,87.0,124.5,67.8,116.7,84.1,72.1
319,2007-08,69.5,86.9,87.1,124.5,72.3,117.2,84.3,73.3
320,2007-09,70.6,87.2,87.3,124.1,72.6,117.2,84.5,74.1
321,2007-10,71.1,87.2,87.3,124.8,72.6,117.2,84.5,74.1
322,2007-11,71.8,87.6,87.3,125.9,73.5,117.2,87.3,74.6
323,2007-12,72.6,87.6,87.3,125.9,73.5,117.2,87.3,74.7
324,2008-01,73.5,88.4,88.4,126.0,73.5,116.5,88.2,75.3
325,2008-02,75.4,88.9,89.8,126.0,78.9,115.0,88.2,75.4
326,2008-03,75.6,88.8,89.8,126.0,80.4,113.1,89.5,76.1
327,2008-04,77.9,88.7,89.8,125.6,85.8,112.0,89.5,76.6
328,2008-05,80.6,90.2,90.4,124.4,86.8,109.3,89.5,76.9
329,2008-06,81.9,90.3,91.3,124.3,87.3,107.9,89.6,77.4
330,2008-07,84.5,90.4,91.3,124.9,89.8,107.2,89.6,77.6
331,2008-08,85.3,91.0,91.3,124.4,89.8,107.1,89.6,77.8
332,2008-09,85.3,90.9,91.6,124.9,89.8,107.0,89.8,78.1
333,2008-10,85.9,90.9,91.6,122.5,89.8,102.6,89.9,78.3
334,2008-11,89.8,91.2,91.6,121.0,89.8,102.2,89.9,78.3
335,2008-12,90.1,91.2,91.9,120.3,89.8,102.2,90.0,78.3
336,2009-01,90.7,91.4,91.9,118.1,89.8,100.2,90.0,78.3
337,2009-02,90.6,91.8,91.9,115.0,90.0,98.4,90.0,78.3
338,2009-03,91.1,92.2,91.9,113.2,90.0,98.0,90.0,78.3
339,2009-04,91.0,92.2,91.9,112.2,90.0,97.3,90.0,78.3
340,2009-05,91.0,92.3,91.9,111.8,90.0,97.2,90.0,78.7
341,2009-06,90.7,92.4,91.9,111.0,90.0,96.1,90.0,79.1
342,2009-07,90.7,92.4,91.9,103.6,90.0,96.7,90.0,79.1
343,2009-08,89.6,92.6,91.9,104.0,90.0,96.8,90.0,79.3
344,2009-09,89.6,92.8,93.0,103.9,90.0,97.0,90.2,79.4
345,2009-10,89.6,93.1,93.0,103.9,90.0,97.3,90.2,79.4
346,2009-11,90.5,93.7,93.0,103.5,90.1,97.5,90.5,79.5
347,2009-12,91.4,93.8,93.8,103.2,90.1,97.7,90.5,79.9
348,2010-01,92.9,93.9,94.3,103.1,90.1,98.3,90.6,80.2
349,2010-02,92.9,94.2,95.1,103.1,90.3,98.7,90.7,80.4
350,2010-03,92.9,94.6,95.6,103.7,90.3,99.1,90.8,80.9
351,2010-04,94.2,94.7,96.4,104.0,91.4,99.1,90.8,81.2
352,2010-05,94.5,94.2,96.5,103.6,94.0,99.5,90.9,81.5
353,2010-06,94.8,94.4,96.9,103.5,93.6,99.3,90.9,82.1
354,2010-07,94.8,94.4,96.9,103.5,93.6,99.3,90.9,82.4
355,2010-08,94.8,94.5,96.8,103.5,93.6,99.3,90.9,82.8
356,2010-09,94.8,94.8,96.8,103.0,93.6,99.3,90.9,82.8
357,2010-10,94.8,95.0,97.0,103.3,93.4,99.2,90.9,82.8
358,2010-11,97.8,94.8,99.0,102.8,93.4,99.2,91.8,82.8
359,2010-12,97.8,94.4,99.0,102.7,93.4,98.9,92.1,84.1
360,2011-01,97.9,95.0,99.0,102.7,93.4,98.8,92.1,84.4
361,2011-02,97.9,95.3,98.8,102.7,94.6,99.2,92.1,85.2
362,2011-03,97.9,95.4,98.9,102.7,94.6,99.2,92.1,85.5
363,2011-04,97.9,95.8,100.7,101.7,94.8,98.9,92.1,85.7
364,2011-05,97.7,96.2,99.6,101.9,95.7,99.4,92.1,85.8
365,2011-06,97.7,96.0,100.1,101.9,95.7,99.8,92.1,86.4
366,2011-07,97.5,95.9,100.2,101.9,95.7,99.7,92.3,86.6
367,2011-08,97.5,96.1,100.8,101.4,97.0,99.5,92.3,86.8
368,2011-09,97.5,96.1,101.0,101.4,97.0,99.8,93.1,87.6
369,2011-10,97.5,96.2,101.1,100.6,97.0,100.2,93.1,87.7
370,2011-11,97.5,96.7,101.1,100.4,97.4,100.2,93.1,88.0
371,2011-12,97.5,96.6,101.2,100.4,97.4,100.2,93.1,88.0
372,2012-01,97.0,96.6,101.6,99.3,97.4,99.9,93.1,88.1
373,2012-02,97.0,96.8,101.9,99.3,98.6,99.6,94.6,88.6
374,2012-03,97.5,97.0,102.4,98.6,98.6,100.2,94.6,88.9
375,2012-04,97.4,97.0,102.5,98.6,98.6,100.5,94.7,89.3
376,2012-05,97.6,97.1,102.8,97.5,99.0,100.4,94.8,89.5
377,2012-06,97.6,97.2,103.4,98.3,99.4,100.4,94.6,89.7
378,2012-07,98.3,97.3,103.5,98.1,99.4,100.4,95.3,90.0
379,2012-08,98.4,97.5,103.4,97.9,99.5,100.4,95.6,90.2
380,2012-09,98.1,97.5,103.4,97.3,99.5,100.5,95.5,90.6
381,2012-10,98.1,98.0,103.6,97.7,99.5,100.5,95.5,91.1
382,2012-11,98.1,98.2,104.1,97.0,99.6,100.5,96.1,91.5
383,2012-12,98.1,98.2,104.1,96.9,99.6,100.8,96.3,91.7
384,2013-01,98.3,98.2,103.7,96.7,99.6,100.7,96.5,91.8
385,2013-02,98.2,98.3,103.4,96.7,101.1,100.7,97.4,91.9
386,2013-03,98.2,98.3,103.6,96.6,102.0,100.7,97.4,92.2
387,2013-04,99.5,98.2,103.6,96.7,102.2,100.9,97.4,93.1
388,2013-05,99.5,98.6,103.2,96.7,102.4,100.6,97.9,93.8
389,2013-06,99.5,98.7,103.1,96.6,102.6,101.0,97.8,94.0
390,2013-07,100.0,98.7,102.8,96.6,102.6,100.9,98.2,94.3
391,2013-08,100.0,98.7,102.5,96.5,102.7,101.1,98.0,94.3
392,2013-09,100.0,98.6,102.3,96.4,102.7,100.6,98.2,94.4
393,2013-10,100.0,98.7,102.3,96.3,103.6,100.7,98.3,94.4
394,2013-11,100.0,98.8,101.7,95.7,103.9,100.4,98.3,94.4
395,2013-12,100.0,98.8,101.8,95.7,103.9,100.4,98.1,94.5
396,2014-01,100.0,98.8,101.5,95.7,103.9,100.2,98.1,94.5
397,2014-02,100.0,98.9,101.6,95.7,104.2,100.4,98.0,94.7
398,2014-03,100.3,98.8,101.3,95.4,104.2,100.5,98.2,94.7
399,2014-04,100.3,98.9,101.1,95.4,103.5,100.2,98.1,95.1
400,2014-05,100.1,99.0,100.6,95.4,104.0,100.6,98.1,95.2
401,2014-06,100.0,98.9,100.4,95.4,104.0,100.7,98.0,95.4
402,2014-07,100.0,98.9,100.3,95.4,104.1,100.7,97.9,95.4
403,2014-08,100.0,98.9,100.3,95.2,103.7,100.9,97.9,95.4
404,2014-09,100.0,98.7,100.2,94.3,103.5,101.0,98.3,94.9
405,2014-10,100.0,98.7,99.9,94.2,103.6,101.0,98.4,95.0
406,2014-11,100.2,98.8,99.7,94.2,103.5,101.1,98.4,95.0
407,2014-12,100.2,98.6,99.5,94.2,103.5,101.0,98.4,95.0
408,2015-01,100.2,98.7,99.1,93.6,103.5,100.8,98.4,95.3
409,2015-02,100.2,98.9,99.1,93.6,103.2,100.9,98.8,95.4
410,2015-03,100.2,99.0,98.9,93.6,103.0,100.8,98.8,95.8
411,2015-04,100.2,98.9,98.9,93.3,101.2,100.8,98.8,95.9
412,2015-05,99.9,98.6,98.9,93.3,101.5,100.9,98.9,96.0
413,2015-06,99.9,98.6,98.9,93.3,101.5,100.8,99.2,96.2
414,2015-07,100.2,98.8,98.9,93.3,101.5,100.7,99.0,96.3
415,2015-08,100.2,98.9,98.8,93.0,101.1,100.7,99.0,96.3
416,2015-09,100.2,98.9,99.1,93.0,101.3,100.7,99.0,96.6
417,2015-10,100.2,98.9,99.2,93.5,101.2,101.3,99.2,96.8
418,2015-11,100.4,99.3,98.9,93.5,101.1,101.2,98.6,96.9
419,2015-12,100.4,99.2,99.0,93.5,101.7,101.2,98.8,97.0
420,2016-01,100.4,99.2,99.0,93.5,101.9,101.1,98.8,97.2
421,2016-02,100.4,99.5,98.9,93.8,101.7,101.0,98.8,97.2
422,2016-03,100.2,99.5,98.7,93.8,101.8,101.0,98.8,97.5
423,2016-04,100.2,99.6,98.7,95.0,101.7,101.0,98.8,97.8
424,2016-05,100.2,99.6,98.9,96.4,101.1,101.0,98.9,98.1
425,2016-06,100.2,99.6,99.2,96.9,101.1,100.4,98.9,98.4
426,2016-07,99.8,99.6,99.3,97.9,101.2,100.5,99.3,98.6
427,2016-08,99.7,99.6,99.0,97.9,100.0,100.3,99.3,98.9
428,2016-09,100.1,100.0,99.0,98.6,100.1,99.9,99.1,99.2
429,2016-10,100.1,100.0,99.4,99.5,100.0,100.0,99.7,99.9
430,2016-11,100.0,100.0,99.6,100.0,99.5,99.8,100.0,100.0
431,2016-12,100.0,100.0,100.0,100.0,100.0,100.0,100.0,100.0
432,2017-01,99.5,100.1,99.7,100.3,99.8,100.0,100.2,100.5
433,2017-02,99.5,100.3,99.7,101.7,100.1,100.4,100.2,100.7
434,2017-03,99.3,100.2,99.7,101.7,100.3,100.6,100.3,100.8
435,2017-04,99.2,100.3,99.8,101.7,100.4,100.2,100.0,101.8
436,2017-05,99.2,100.4,100.1,101.7,100.2,100.2,100.6,102.6
437,2017-06,99.1,100.5,100.7,101.7,100.6,99.8,100.6,103.0
438,2017-07,99.3,100.7,100.8,101.7,100.7,99.8,101.0,103.2
439,2017-08,98.6,100.7,100.8,101.7,101.0,99.9,100.9,103.6
440,2017-09,98.6,101.0,101.3,101.7,100.4,99.7,101.0,104.1
441,2017-10,98.6,101.2,101.6,102.0,100.7,99.7,101.4,104.2
442,2017-11,98.8,101.3,101.7,102.0,100.1,99.9,101.4,104.4
443,2017-12,98.8,101.3,101.8,102.0,100.1,99.9,101.3,104.5
444,2018-01,98.8,101.6,101.8,102.0,100.3,99.7,101.3,104.6
445,2018-02,98.8,102.1,101.8,102.0,99.8,99.4,101.3,104.6
446,2018-03,98.8,102.1,101.8,103.5,99.7,99.4,101.8,104.7
447,2018-04,98.8,102.2,102.3,103.5,99.6,99.3,102.3,104.7
448,2018-05,98.6,102.3,102.3,103.5,99.0,99.3,102.2,105.0
449,2018-06,98.3,103.0,102.5,103.5,98.7,99.4,102.2,105.3
450,2018-07,98.4,103.1,102.4,103.5,98.7,99.5,102.5,105.3
451,2018-08,98.4,103.4,102.4,103.5,97.7,98.8,102.5,105.4
452,2018-09,97.9,103.5,102.3,103.3,97.6,98.8,102.2,105.4
453,2018-10,97.7,103.7,102.7,103.3,97.0,99.0,102.0,105.7
454,2018-11,97.2,104.0,102.6,103.2,96.2,98.8,102.0,105.7
455,2018-12,97.2,104.0,102.9,103.2,95.6,98.9,102.0,105.6
456,2019-01,97.3,104.1,102.8,103.1,95.9,98.7,102.4,105.9
457,2019-02,97.3,104.2,102.9,103.5,95.6,98.6,102.6,105.9
458,2019-03,97.3,104.3,103.4,102.7,95.5,98.3,102.6,106.2
459,2019-04,96.9,104.4,104.0,101.9,94.3,98.2,102.6,106.2
460,2019-05,96.9,104.6,104.2,101.1,95.0,97.8,103.2,106.1
461,2019-06,96.1,105.0,105.5,100.4,94.8,97.6,103.2,105.7
462,2019-07,95.9,106.6,105.8,100.4,94.5,96.8,103.4,106.2
463,2019-08,95.8,107.6,105.7,100.5,94.5,96.9,103.2,106.2
464,2019-09,95.8,108.2,106.1,100.8,94.7,97.0,103.2,106.5
465,2019-10,96.3,109.1,107.3,100.8,94.5,96.7,103.2,106.6
466,2019-11,96.3,110.2,107.3,100.7,92.5,95.1,103.2,106.2
467,2019-12,96.3,110.4,107.0,101.0,92.4,95.7,103.2,106.7
468,2020-01,96.3,110.7,107.8,101.0,91.1,96.1,103.7,106.5
469,2020-02,96.3,111.2,108.2,102.2,90.3,96.0,104.5,106.7
470,2020-03,96.0,112.1,109.0,102.1,89.9,96.4,104.5,106.7
471,2020-04,96.0,112.3,109.2,102.1,89.7,96.0,104.7,106.9
472,2020-05,96.0,112.3,109.7,102.1,89.9,96.0,105.3,106.7
473,2020-06,96.0,112.7,109.7,102.1,89.3,96.0,105.8,107.3
474,2020-07,95.7,113.4,109.7,102.1,89.5,95.7,106.4,107.4
475,2020-08,95.8,113.6,109.7,102.5,90.1,95.6,108.1,108.3
476,2020-09,97.2,114.8,111.1,106.0,89.7,96.0,109.3,110.8
477,2020-10,100.3,116.8,112.1,106.3,90.2,96.5,111.0,110.7
478,2020-11,101.1,118.7,114.8,107.0,90.2,97.2,112.2,111.2
479,2020-12,101.4,119.8,115.8,109.0,90.6,96.9,112.2,111.0
480,2021-01,101.3,120.1,115.8,109.1,90.8,97.0,112.2,112.9
481,2021-02,101.3,121.5,115.4,110.2,90.4,98.2,115.5,115.3
482,2021-03,102.5,123.8,117.1,115.8,92.4,99.4,117.0,116.9
483,2021-04,103.3,131.2,117.5,117.2,91.6,100.1,120.0,122.3
484,2021-05,102.8,133.2,118.2,117.8,94.2,103.2,122.3,129.9
485,2021-06,103.5,134.4,119.1,118.1,95.6,104.0,122.3,133.0
486,2021-07,103.6,135.8,119.2,119.7,96.2,105.1,122.3,133.7
487,2021-08,103.7,137.0,119.2,119.7,96.5,104.2,122.3,135.2
488,2021-09,103.1,139.4,119.2,121.4,96.7,103.8,122.3,135.5
489,2021-10,103.1,139.9,119.0,126.3,98.2,103.5,122.3,138.6
490,2021-11,104.7,141.3,120.1,126.3,98.5,103.2,122.3,139.7
491,2021-12,104.7,141.9,120.1,126.7,98.5,103.6,122.3,144.1
492,2022-01,106.7,142.2,120.1,128.2,99.5,105.3,122.3,146.7
493,2022-02,106.7,144.4,120.1,128.8,99.6,109.2,122.3,148.9
494,2022-03,106.7,148.3,120.1,132.1,100.9,111.3,123.9,155.0
495,2022-04,106.7,147.8,120.1,132.1,103.0,112.0,123.9,156.9
496,2022-05,106.7,149.3,120.5,132.1,103.0,113.5,127.5,158.6
497,2022-06,107.4,149.2,120.5,132.1,103.1,113.6,127.5,158.6
498,2022-07,107.4,149.0,120.5,132.1,103.1,113.2,127.5,158.6
499,2022-08,107.4,149.1,120.5,132.1,103.1,113.4,127.5,158.6
500,2022-09,108.1,149.0,120.5,132.1,103.0,113.5,127.5,158.6
501,2022-10,108.1,149.7,120.5,131.9,102.6,112.6,127.5,157.2
502,2022-11,108.1,149.2,120.5,131.9,102.6,112.1,127.5,157.2
503,2022-12,108.1,149.5,120.5,131.9,102.1,111.8,127.5,156.6
